Valor de arrendamiento,Periodo de arrendamiento (meses),Tamaño M2,Tipo vivienda,Codigo postal,# de habitaciones,# de baños,Tiene parqueadero,Fecha inicio del contrato,Gastos de mantenimiento
390000,43,151,Casa,50048,2,3,Si,28/02/2019,243072
3220000,10,42,Garaje,50024,1,2,No,15/07/2019,21000
3220000,6,32,Apartamento,50013,1,1,No,4/11/2019,19764
2040000,28,54,Apartamento,50033,4,1,No,16/01/2020,3600
1300000,7,125,Apartamento,50025,5,2,Si,11/11/2015,18000
340000,13,146,Apartamento,50003,4,3,Si,10/08/2016,30000
1300000,5,143,Apartamento,50001,5,2,Si,17/05/2017,45000
3590000,47,163,Local Comercial,50046,2,2,Si,20/04/2020,3355
710000,28,125,Casa,50028,3,2,Si,4/09/2019,6700
1040000,43,159,Apartamento,50021,2,1,Si,11/06/2018,9000
810000,52,96,Casa,50016,5,2,Si,14/12/2018,35000
1300000,35,149,Apartamento,50011,5,1,Si,5/08/2019,30000
3890000,38,31,Casa,50016,1,3,No,12/09/2019,3654
1990000,35,45,Local Comercial,50018,1,3,No,13/09/2019,5550
1550000,29,49,Apartamento,50005,2,3,No,16/09/2019,12200
1700000,7,148,Garaje,50017,2,3,Si,11/02/2019,15559
3700000,59,111,Garaje,50004,5,1,Si,24/09/2019,162667
2640000,31,62,Casa,50001,5,2,No,26/09/2019,192910
5360000,40,58,Casa,50018,1,2,No,27/09/2019,383000
850000,11,127,Apartamento,50004,1,3,Si,3/10/2019,10123
2760000,33,139,Apartamento,50048,5,2,Si,4/10/2019,100000
1400000,48,98,Apartaestudio,50010,5,3,Si,11/10/2019,219560
5100000,8,97,Apartamento,50005,5,2,Si,14/10/2019,109000
1610000,22,145,Apartamento,50026,1,2,Si,16/10/2019,67000
1610000,54,168,Garaje,50023,1,1,Si,17/10/2019,30088
2640000,42,122,Casa,50038,5,3,Si,23/10/2019,13250
5950000,7,167,Casa,50020,3,2,Si,24/10/2019,3230
6300000,12,165,Oficina,50018,5,2,Si,24/10/2019,200000
760000,13,79,Apartamento,50028,4,1,Si,28/10/2019,35000
1770000,40,179,Bodega,50039,3,2,Si,29/10/2019,21675
6990000,30,126,Casa,50016,4,1,Si,29/10/2019,49500
4950000,43,153,Casa,50014,3,3,Si,29/10/2019,100000
6990000,29,139,Casa,50031,2,3,Si,29/10/2019,61600
3270000,60,100,Casa,50001,1,3,Si,12/09/2018,8500
3050000,59,131,Casa,50009,1,1,Si,5/02/2020,12000
1290000,19,162,Apartamento,50044,1,1,Si,8/08/2019,4000
5000000,36,134,Apartamento,50027,2,3,Si,9/08/2019,9000
5000000,54,114,Garaje,50035,2,1,Si,12/08/2019,117329
5000000,49,87,Garaje,50043,1,1,Si,12/08/2019,2500
1330000,23,124,Apartamento,50018,1,2,Si,13/08/2019,7500
1330000,5,60,Garaje,50013,5,2,No,14/11/2016,24120
5000000,33,113,Apartamento,50009,3,2,Si,14/08/2019,23172
5000000,11,32,Garaje,50046,2,2,No,8/12/2019,1405
5000000,39,72,Deposito,50004,1,2,Si,21/08/2019,2697
1500000,34,65,Apartamento,50045,5,2,No,23/09/2019,3500
2000000,43,130,Casa,50014,4,2,Si,22/08/2019,23000
1390000,46,78,Apartamento,50038,1,1,Si,22/08/2019,6300
4890000,58,102,Casa,50009,4,1,Si,23/08/2019,13000
3600000,34,145,Oficina,50023,1,3,Si,7/04/2020,2005
2570000,27,134,Apartamento,50040,5,2,Si,26/08/2019,5850
2570000,47,65,Casa,50008,2,2,No,28/08/2019,11596
1940000,46,68,Apartamento,50012,4,3,No,29/08/2019,3764
1940000,10,58,Garaje,50012,2,2,No,29/08/2019,5273
8970000,9,57,Casa,50021,1,1,No,29/08/2019,10500
8400000,49,110,Apartamento,50034,4,3,Si,2/12/2019,122000
8400000,12,130,Garaje,50032,2,3,Si,27/02/2020,2150
8400000,28,59,Garaje,50034,4,1,No,22/04/2020,5000
1950000,24,59,Casa,50021,3,1,No,10/05/2019,46661
10480000,55,93,Lote,50033,3,3,Si,6/05/2019,32340
1000000,43,119,Casa,50005,2,2,Si,10/05/2019,3786
1560000,57,137,Casa,50025,2,1,Si,13/05/2019,8250
890000,22,92,Apartamento,50016,4,1,Si,14/05/2019,3000
890000,58,114,Garaje,50037,1,1,Si,14/05/2019,5000
2110000,47,77,Apartamento,50023,3,1,Si,20/05/2019,13500
2110000,26,43,Garaje,50011,4,1,No,16/03/2020,2300
2110000,56,63,Garaje,50022,2,1,No,2/01/2020,7500
22840000,16,142,Apartamento,50022,5,3,Si,13/04/2020,17670
5510000,5,164,Apartamento,50010,4,2,Si,23/05/2019,8200
5780000,10,150,Apartamento,50006,1,1,Si,3/06/2019,2400
1830000,26,110,Garaje,50013,5,2,Si,4/06/2019,13000
2360000,53,104,Apartamento,50016,1,1,Si,5/06/2019,3000
900000,32,56,Casa,50037,4,3,No,8/06/2018,10000
3190000,45,87,Apartamento,50035,2,3,Si,20/06/2019,2500
1050000,49,105,Garaje,50038,1,2,Si,21/06/2019,3950
2570000,52,90,Garaje,50001,2,3,Si,21/06/2019,36400
2570000,33,58,Garaje,50001,4,1,No,13/12/2019,1400
2570000,36,99,Garaje,50046,2,3,Si,2/07/2019,13000
2570000,7,95,Deposito,50014,5,2,Si,3/07/2019,8280
1040000,59,64,Apartamento,50045,1,3,No,5/02/2020,2550
770000,58,79,Apartamento,50028,3,3,Si,10/07/2019,6000
800000,50,126,Casa,50022,5,1,Si,11/07/2019,14700
1150000,23,124,Oficina,50005,3,1,Si,15/10/2019,4100
4000000,27,102,Apartamento,50011,2,2,Si,24/09/2019,9000
650000,42,51,Casa,50030,2,3,No,15/07/2019,3150
1110000,20,163,Apartamento,50012,4,2,Si,22/07/2019,16300
900000,23,75,Apartamento,50016,4,3,Si,24/01/2020,5760
900000,55,60,Garaje,50013,1,1,No,23/07/2019,20000
900000,7,175,Deposito,50046,4,2,Si,16/01/2020,22500
1050000,42,146,Apartamento,50047,1,3,Si,24/07/2019,3500
580000,7,137,Casa,50007,4,1,Si,29/07/2019,17500
750000,46,179,Casa,50011,1,3,Si,2/01/2020,24755
850000,27,169,Apartamento,50018,3,2,Si,30/07/2019,2000
880000,55,91,Oficina,50038,3,2,Si,31/07/2019,7800
450000,8,175,Local Comercial,50020,3,1,Si,31/07/2019,13000
760000,19,38,Local Comercial,50047,2,1,No,1/08/2019,5000
5650000,5,147,Deposito,50015,3,2,Si,28/02/2019,2500
3170000,14,164,Apartamento,50007,2,1,Si,13/02/2020,5000
3170000,15,48,Garaje,50005,3,1,No,5/03/2019,8004
3170000,10,106,Garaje,50004,2,3,Si,5/03/2019,11000
3170000,60,100,Deposito,50019,2,1,Si,6/03/2019,12071
4600000,5,126,Casa,50038,4,2,Si,18/11/2019,6000
2180000,26,131,Apartamento,50010,3,2,Si,12/03/2019,7500
1810000,54,123,Apartamento,50030,4,1,Si,14/03/2019,10350
1810000,46,101,Garaje,50011,3,3,Si,15/03/2019,17400
85800000,53,149,Lote,50017,4,1,Si,14/03/2019,1440
1910000,26,115,Oficina,50047,3,1,Si,14/03/2019,4000
2360000,5,35,Casa,50010,3,3,No,18/03/2019,5000
850000,16,174,Apartamento,50045,4,2,Si,26/03/2019,13070
850000,10,30,Garaje,50040,2,2,No,1/04/2019,6900
950000,5,34,Apartamento,50012,3,3,No,2/04/2019,21750
14500000,28,103,Bodega,50027,4,1,Si,3/04/2019,7515
970000,30,175,Apartamento,50003,2,1,Si,3/04/2019,14000
2070000,48,44,Apartamento,50021,3,3,No,23/05/2018,16000
710000,54,109,Casa,50012,5,1,Si,10/04/2019,1750
370000,14,164,Casa,50006,5,2,Si,11/04/2019,6869
1640000,13,172,Apartamento,50009,3,2,Si,18/03/2020,1500
2310000,9,148,Apartamento,50005,4,1,Si,18/04/2019,16400
2310000,47,125,Garaje,50023,3,3,Si,15/04/2019,800
2310000,33,108,Garaje,50019,5,3,Si,30/04/2019,22000
2310000,59,101,Bodega,50046,2,1,Si,17/10/2019,19499
7170000,16,93,Casa,50020,1,1,Si,25/06/2018,32000
1890000,33,32,Casa,50040,4,3,No,25/06/2018,40000
960000,44,113,Garaje,50045,4,1,Si,28/09/2018,4000
960000,4,154,Apartamento,50008,3,1,Si,16/07/2018,366375
2680000,28,74,Casa,50037,1,1,Si,24/07/2018,17000
1100000,40,147,Apartamento,50003,1,2,Si,25/07/2018,80000
1755000,34,151,Apartamento,50003,2,3,Si,26/07/2018,25000
270000,9,119,Local Comercial,50003,4,3,Si,23/05/2019,13350
330000,35,48,Local Comercial,50003,5,1,No,30/07/2018,2500
560000,47,34,Local Comercial,50005,3,1,No,3/02/2020,100000
270000,60,71,Local Comercial,50032,4,2,Si,28/08/2018,2700
270000,56,111,Local Comercial,50029,3,2,Si,30/08/2018,2310
270000,60,164,Local Comercial,50040,5,3,Si,14/01/2020,5250
260000,51,43,Local Comercial,50012,5,1,No,6/12/2018,7500
580000,34,125,Local Comercial,50004,4,3,Si,5/03/2020,21800
540000,20,112,Casa Lote,50007,2,2,Si,5/11/2019,5760
2320000,49,83,Apartamento,50029,5,1,Si,10/10/2018,20000
6320000,10,174,Edificio,50046,2,2,Si,23/09/2019,8500
865000,10,70,Casa,50044,2,3,Si,23/10/2018,3379
710000,7,152,Casa,50021,2,1,Si,6/11/2018,2100
8850000,26,51,Apartamento,50043,5,2,No,6/11/2018,120000
3670000,17,144,Casa,50037,1,2,Si,8/11/2018,27105
1840000,60,31,Apartamento,50007,2,3,No,18/02/2020,8050
1840000,60,139,Apartamento,50045,3,1,Si,6/12/2018,5500
1080000,8,178,Casa,50035,4,1,Si,21/02/2019,24000
48000000,43,38,Oficina,50042,5,3,No,18/12/2018,82000
2420000,59,166,Apartamento,50001,1,1,Si,2/11/2018,6752
1550000,57,33,Casa,50041,4,3,No,4/01/2019,16750
5980000,20,39,Apartamento,50006,1,2,No,4/01/2019,20803
990000,32,159,Apartamento,50038,5,3,Si,6/09/2019,110296
990000,30,100,Garaje,50039,1,1,Si,15/01/2019,2500
1150000,36,159,Apartamento,50026,4,3,Si,15/01/2019,3500
2910000,49,143,Apartamento,50036,5,3,Si,17/01/2019,19000
2910000,30,121,Garaje,50032,5,2,Si,18/01/2019,24000
560000,37,136,Apartamento,50005,4,1,Si,10/04/2018,47694
810000,55,122,Apartamento,50034,4,1,Si,5/02/2019,5616
1350000,54,153,Apartamento,50028,2,2,Si,17/01/2020,16094
1350000,55,149,Garaje,50023,5,2,Si,6/01/2020,500
3630000,19,71,CASA - LOTE - BODEGA,50042,5,2,Si,2/04/2020,1000
80000,32,146,Lote,50003,2,1,Si,30/10/2019,32500
1020000,57,105,Local Comercial,50041,2,1,Si,8/02/2019,21250
2050000,50,106,Casa,50042,1,2,Si,1/04/2019,13590
12960000,28,102,Bodega,50045,1,3,Si,19/02/2019,5500
1350000,26,40,Casa,50038,3,1,No,2/04/2019,86000
480000,47,144,Local Comercial,50003,4,1,Si,26/02/2019,33500
760000,55,138,Apartamento,50047,3,2,Si,11/04/2018,30000
760000,43,70,Garaje,50039,4,2,Si,4/02/2018,10300
570000,14,113,Apartamento,50016,1,3,Si,5/11/2018,18550
12400000,49,161,Casa,50038,5,2,Si,2/12/2019,992
880000,13,84,Apartamento,50017,3,2,Si,6/02/2020,10000
1000000,45,144,Apartamento,50036,1,1,Si,19/12/2019,4250
1000000,31,153,Apartamento,50048,2,1,Si,6/12/2018,32500
1000000,7,91,Garaje,50004,4,3,Si,6/06/2016,47000
2880000,4,154,Casa,50001,1,2,Si,21/03/2018,10000
3870000,6,104,Local Comercial,50008,5,3,Si,26/02/2020,29000
540000,40,145,Casa,50024,4,3,Si,26/03/2018,11000
4670000,17,45,Oficina,50023,1,3,No,4/10/2019,13800
4670000,14,30,Oficina,50029,5,3,No,4/04/2018,3500
4670000,7,169,Oficina,50022,3,1,Si,1/07/2019,11770
4670000,53,87,Garaje,50040,5,1,Si,27/06/2018,20500
4670000,12,72,Garaje,50034,3,1,Si,12/02/2019,19000
4670000,36,91,Garaje,50048,1,2,Si,18/12/2012,55000
1560000,4,89,Casa,50035,5,2,Si,15/12/2019,5350
740000,42,147,Apartamento,50018,1,3,Si,3/05/2018,25000
2900000,43,133,Apartamento,50018,4,1,Si,29/05/2018,30000
2900000,44,160,Garaje,50018,2,2,Si,1/06/2018,5000
2900000,23,47,Garaje,50043,5,2,No,7/11/2018,3000
1210000,48,92,Local Comercial,50001,4,3,Si,12/02/2019,15000
2510000,17,37,Local Comercial,50029,1,1,No,18/07/2017,25000
2510000,16,148,Local Comercial,50045,4,1,Si,26/06/2017,3500
2510000,57,30,Local Comercial,50036,3,1,No,25/10/2013,25000
3680000,30,45,Local Comercial,50043,4,2,No,31/07/2017,10000
2100000,42,95,Apartamento,50027,5,3,Si,13/11/2019,10373
2100000,52,102,Garaje,50020,5,2,Si,20/02/2017,96500
3900000,25,156,Apartamento,50047,5,3,Si,18/08/2017,13000
1260000,40,65,Apartamento,50025,1,1,No,14/12/2015,10836
730000,21,136,Casa,50036,5,1,Si,29/08/2017,15000
730000,28,83,Casa,50003,4,2,Si,29/08/2017,4000
5500000,46,152,Lote Con Construccion,50027,2,1,Si,13/09/2019,21450
3690000,45,52,Apartamento,50045,5,2,No,5/08/2016,5000
180000,46,130,Local Comercial,50003,5,2,Si,5/10/2016,14945
1570000,26,95,Garaje,50014,3,2,Si,28/09/2017,2500
1370000,59,32,Apartamento,50012,5,1,No,13/10/2017,16444
1370000,29,63,Garaje,50040,4,2,No,17/10/2017,19500
4700000,19,89,Edificacion Para Hotel - Motel,50024,1,1,Si,29/11/2018,2100
9710000,14,71,Casa,50037,5,2,Si,11/12/2017,22250
340000,14,110,Local Comercial,50020,2,3,Si,27/02/2013,67000
530000,8,121,Local Comercial,50027,5,3,Si,21/11/2011,41000
530000,29,151,Local Comercial,50007,3,1,Si,19/07/2016,1800
1880000,56,120,Apartamento,50022,1,2,Si,15/07/2016,92000
690000,29,57,Apartamento,50044,4,2,No,13/06/2017,180000
710000,43,143,Apartamento,50031,2,1,Si,15/12/2015,2300
870000,31,70,Apartamento,50015,3,1,Si,9/03/2016,7500
690000,18,39,Apartamento,50016,1,3,No,21/01/2020,17670
1550000,13,116,Edificio,50023,3,2,Si,14/07/2017,8200
760000,31,132,Casa,50028,2,2,Si,24/06/2019,2400
2000000,54,81,Apartamento,50030,3,1,Si,18/05/2017,13000
380000,53,69,Lote,50002,5,2,No,17/02/2011,3000
3720000,26,154,Casa,50026,3,3,Si,24/01/2017,10000
1530000,54,173,Local Comercial,50009,2,3,Si,8/02/2017,2500
450000,17,67,Apartamento,50036,3,1,No,24/02/2016,3950
500000,36,178,Apartamento,50046,1,1,Si,22/03/2019,36400
510000,60,131,Casa,50012,2,1,Si,15/12/2014,1400
620000,58,157,Lote,50030,2,2,Si,25/05/2018,13000
610000,41,89,Casa,50009,2,3,Si,23/01/2019,8280
800000,12,145,Apartamento,50007,4,1,Si,7/06/2016,2550
990000,10,165,Apartamento,50003,1,1,Si,18/04/2017,6000
610000,12,86,Edificio,50042,5,1,Si,18/04/2017,14700
1470000,21,45,Casa,50019,5,2,No,13/10/2015,4100
380000,12,123,Apartamento,50010,1,2,Si,6/12/2010,9000
1170000,44,51,Garaje,50016,2,1,No,18/12/2019,3150
740000,41,145,Apartamento,50046,5,1,Si,21/03/2019,16300
1010000,14,112,Apartamento,50021,1,1,Si,11/08/2016,5760
850000,29,100,Apartamento,50045,1,3,Si,8/04/2019,20000
4210000,11,158,Casa,50010,3,1,Si,21/03/2016,22500
1580000,36,141,Apartamento,50012,2,3,Si,22/07/2016,3500
910000,45,159,Apartamento,50002,1,2,Si,8/09/2015,17500
4270000,17,46,Casa,50015,1,2,No,25/04/2008,24755
5000000,59,36,Garaje,50009,1,3,No,8/09/2016,2000
8400000,56,80,Deposito,50003,3,3,Si,14/04/2020,7800
160000,6,83,Local Comercial,50021,2,1,Si,29/02/2016,13000
160000,23,81,Local Comercial,50017,2,2,Si,22/08/2016,5000
160000,55,139,Local Comercial,50019,5,3,Si,3/11/2014,2500
4790000,37,84,Apartamento,50013,1,3,Si,3/08/2016,5000
1790000,48,123,Apartamento,50024,1,1,Si,6/06/2019,8004
1210000,27,131,Garaje,50046,3,3,Si,9/01/2014,11000
4410000,5,50,Garaje,50039,4,2,No,9/01/2019,12071
580000,30,91,Casa Lote,50025,2,1,Si,12/07/2012,6000
160000,30,131,Local Comercial,50010,3,1,Si,11/04/2017,7500
430000,43,142,Local Comercial,50025,4,2,Si,4/11/2009,10350
220000,32,149,Local Comercial,50027,5,2,Si,6/04/2020,17400
160000,6,149,Local Comercial,50045,5,2,Si,28/04/2015,1440
3590000,58,52,Garaje,50043,2,3,No,5/03/2020,4000
160000,10,74,Local Comercial,50039,4,2,Si,6/03/2020,5000
26590000,49,142,Lote,50009,3,2,Si,28/04/2015,13070
300000,29,36,Local Comercial,50027,5,2,No,26/02/2020,6900
490000,24,35,Local Comercial,50009,3,2,No,20/02/2020,21750
6350000,5,139,Apartamento,50004,5,1,Si,15/11/2018,7515
1030000,34,103,Garaje,50047,2,2,Si,14/04/2016,14000
160000,22,110,Local Comercial,50012,1,1,Si,10/10/2019,16000
1150000,8,117,Casa,50018,4,2,Si,19/02/2020,1750
480000,59,96,Finca,50013,1,3,Si,30/10/2017,6869
1550000,15,42,Apartamento,50009,3,1,No,20/02/2020,1500
4200000,24,34,Oficina,50020,1,1,No,9/08/2016,16400
560000,25,64,Local Comercial,50035,2,1,No,16/01/2020,800
3190000,45,117,Casa,50029,1,1,Si,22/01/2020,22000
160000,25,167,Local Comercial,50008,3,3,Si,24/01/2020,19499
1530000,49,92,Lote,50046,5,3,Si,24/01/2020,32000
200000,54,81,Local Comercial,50029,3,3,Si,27/01/2020,40000
1270000,42,160,Garaje,50010,3,1,Si,27/01/2020,4000
4070000,10,66,Apartamento,50035,5,2,No,27/01/2020,366375
5800000,58,127,Casa,50009,5,3,Si,28/01/2020,17000
2220000,54,68,Apartamento,50038,1,3,No,30/01/2020,80000
550000,12,140,Local Comercial,50036,3,1,Si,5/02/2020,25000
1600000,60,66,Apartamento,50005,1,3,No,7/02/2020,13350
160000,36,176,Local Comercial,50016,1,1,Si,10/02/2020,2500
1320000,55,74,Casa,50021,5,1,Si,11/02/2020,100000
1500000,58,139,Casa,50004,4,2,Si,11/02/2020,2700
400000,5,159,Local Comercial,50027,2,3,Si,11/02/2020,2310
1480000,55,77,Casa Lote,50013,2,1,Si,12/02/2020,5250
160000,57,93,Local Comercial,50027,1,1,Si,13/02/2020,100000
5290000,12,150,Apartamento,50032,4,1,Si,15/02/2020,2200
460000,59,46,Local Comercial,50005,4,2,No,21/02/2020,3000
280000,50,31,Local Comercial,50009,1,2,No,26/02/2020,5000
1660000,51,115,Apartamento,50036,4,1,Si,26/02/2020,51000
180000,18,63,Casa,50033,5,2,No,7/11/2019,13000
950000,48,85,Consultorio,50021,4,3,Si,11/11/2019,40000
630000,10,44,Apartamento,50039,1,1,No,12/11/2019,9700
640000,7,39,Casa,50026,3,2,No,12/11/2019,183000
4280000,49,171,Casa,50002,2,2,Si,13/11/2019,8700
2920000,37,109,Apartamento,50017,5,1,Si,13/11/2019,8600
160000,18,141,Local Comercial,50011,5,1,Si,19/11/2019,8000
210000,26,177,Casa,50022,3,1,Si,21/11/2019,5000
1400000,34,109,Apartamento,50024,3,2,Si,27/11/2019,38800
2560000,4,39,Casa,50017,2,2,No,5/09/2019,6500
560000,9,41,Casa,50002,1,3,No,4/12/2019,20550
1790000,24,156,Garaje,50025,2,2,Si,6/12/2019,30000
260000,6,80,Local Comercial,50025,5,3,Si,6/12/2019,3800
7090000,44,167,Deposito,50045,4,3,Si,17/12/2019,10000
1540000,40,46,Apartamento,50018,3,1,No,23/12/2019,12400
5070000,8,165,Finca,50045,1,2,Si,12/08/2019,19530
160000,26,180,Local Comercial,110142,5,1,Si,11/03/2020,21678
1510000,7,68,Local Comercial,110124,5,3,No,6/01/2020,15000
390000,59,92,Local Comercial,110124,4,2,Si,12/02/2020,14000
4640000,54,169,Casa,110116,1,1,Si,7/01/2020,16500
7090000,57,91,Garaje,110129,5,3,Si,7/01/2020,6500
480000,36,82,Local Comercial,110148,5,3,Si,9/01/2020,2200
300000,25,89,Local Comercial,110127,5,1,Si,15/01/2020,6000
1160000,25,175,Apartamento,110122,5,1,Si,16/01/2020,3000
6280000,5,76,Edificio,110116,2,1,Si,22/07/2019,22000
1050000,12,67,Casa,110132,2,3,No,23/07/2019,45000
3590000,5,121,Apartamento,110136,1,2,Si,21/10/2019,25000
160000,15,140,Local Comercial,110118,1,2,Si,31/07/2019,89000
4070000,58,75,Garaje,110113,5,1,Si,7/08/2019,14500
27380000,58,126,Edificio,110142,5,1,Si,20/08/2019,10445
4130000,16,75,Apartamento,110151,5,2,Si,26/08/2019,1509684
7090000,13,148,Deposito,110112,5,2,Si,6/06/2019,7000
480000,48,87,Local Comercial,110139,1,1,Si,19/09/2019,20303
1000000,12,69,Oficina,110138,4,1,No,24/09/2019,11546
1660000,15,72,Garaje,110137,4,1,Si,25/09/2019,22076
2570000,8,59,Apartamento,110128,2,1,No,30/09/2019,space is in excellent condition
1250000,35,179,Local Comercial,110148,1,1,Si,2/10/2019,121025
160000,21,121,Local Comercial,110142,5,3,Si,29/10/2019,16145
160000,19,32,Local Comercial,110112,2,3,No,7/10/2019,12500
1450000,35,86,Apartamento,110149,1,2,Si,7/10/2019,15000
5560000,13,97,Apartamento,110151,1,3,Si,30/12/2019,12600
1010000,25,125,Casa,110140,3,2,Si,22/10/2019,2000
1730000,20,78,Casa,110136,1,2,Si,25/10/2019,1000
980000,8,114,Apartamento,110140,4,3,Si,30/10/2019,200000
6010000,24,61,Casa,110115,1,2,No,28/02/2019,11500
1210000,42,68,Apartamento,110131,1,3,No,7/03/2019,31250
220000,18,46,Local Comercial,110120,2,1,No,27/03/2019,13400
1660000,13,177,Garaje,110127,1,3,Si,30/09/2019,15000
1820000,31,100,Oficina,110150,5,3,Si,27/03/2019,2000
2700000,11,117,Apartamento,110118,5,3,Si,2/03/2020,10145
610000,49,151,Apartamento,110111,4,1,Si,8/04/2019,4200
840000,33,61,Apartamento,110124,1,3,No,17/04/2019,19815
380000,28,85,Local Comercial,110125,2,1,Si,17/04/2019,10300
130000,32,63,Lote,110120,2,1,No,18/11/2019,18750
61250000,58,123,Local Comercial,110111,1,1,Si,24/04/2019,123893
1610000,12,163,Apartamento,110147,3,1,Si,1/05/2019,21600
130000,45,60,Lote,110148,2,1,No,21/06/2019,2000
390000,8,162,Local Comercial,110114,5,3,Si,24/05/2019,5564
800000,54,125,Casa,110134,1,2,Si,25/02/2020,341250
1380000,36,165,Local Comercial,110130,3,2,Si,4/06/2019,6000
1750000,60,36,Apartamento,110147,2,2,No,17/09/2019,7500
1600000,42,56,Apartamento,110142,5,2,No,6/06/2019,4800
730000,22,71,Casa,110147,3,3,Si,18/09/2019,9500
6350000,19,103,Garaje,110126,1,2,Si,2/10/2019,44888
710000,38,153,Apartamento,110147,2,2,Si,12/07/2019,8000
1390000,33,129,Casa,110140,1,2,Si,30/10/2019,3000
4130000,42,57,Deposito,110123,2,3,No,7/01/2020,10000
800000,24,171,Casa,110120,2,1,Si,25/02/2020,140030
5300000,53,131,Casa,110135,5,1,Si,24/02/2020,26000
4130000,42,154,Garaje,110138,1,3,Si,26/04/2019,10400
2120000,40,130,Casa,110136,4,2,Si,12/12/2014,2700
1820000,18,111,Oficina,110144,3,2,Si,7/10/2015,18000
1090000,12,127,Apartamento,110133,5,3,Si,7/10/2019,6000
600000,49,36,Apartamento,110132,1,2,No,17/10/2017,42819
1140000,14,50,Apartamento,110133,3,2,No,29/07/2019,8800
1160000,15,97,Apartamento,110116,1,3,Si,16/10/2019,23400
610000,59,179,Apartamento,110141,3,1,Si,30/01/2020,10000
390000,10,166,Local Comercial,110117,5,2,Si,22/04/2019,30000
2640000,54,172,Apartamento,110130,2,3,Si,9/04/2019,14400
2090000,55,151,Garaje,110140,1,3,Si,25/07/2019,31887
1510000,4,91,Apartamento,110130,3,3,Si,17/12/2019,8750
1010000,40,166,Oficina,110141,3,3,Si,30/07/2019,31800
1830000,57,151,Apartamento,110128,5,2,Si,6/08/2019,10000
580000,4,36,Casa,110117,3,2,No,7/08/2019,7641
4070000,19,169,Garaje,110125,2,1,Si,7/08/2019,27000
560000,4,120,Local Comercial,110116,1,3,Si,8/08/2019,50400
160000,59,51,Local Comercial,110137,2,3,No,12/08/2019,2400
160000,55,169,Local Comercial,110114,3,3,Si,13/08/2019,5640
330000,25,121,Local Comercial,110131,3,1,Si,14/08/2019,15400
6350000,23,34,Garaje,110143,3,3,No,15/08/2019,2500
160000,29,172,Local Comercial,110121,5,1,Si,15/08/2019,21037
1450000,19,68,Garaje,110146,5,2,No,17/09/2019,9000
2540000,50,169,Edificacion Para Hotel - Motel,110141,5,2,Si,20/08/2019,2880
5650000,13,162,Apartamento,110134,4,1,Si,21/08/2019,15445
3720000,60,144,Apartamento,110115,2,3,Si,23/08/2019,12000
700000,34,47,Apartamento,110128,2,1,No,23/08/2019,4500
430000,51,122,Apartamento,110230,3,1,Si,24/08/2019,15035
7090000,30,40,Deposito,110213,2,3,No,26/08/2019,6000
200000,8,81,Local Comercial,110216,4,2,Si,27/08/2019,6050
610000,48,79,Apartamento,110213,4,1,Si,27/08/2019,3000
1250000,24,172,Lote Con Construccion,110226,3,1,Si,3/09/2019,37500
1820000,34,172,Oficina,110226,5,2,Si,5/09/2019,42800
540000,36,173,Local Comercial,110220,5,1,Si,11/09/2019,18000
160000,48,41,Local Comercial,110227,3,3,No,10/04/2019,15292
480000,19,132,Local Comercial,110214,4,1,Si,12/04/2019,40000
610000,4,143,Apartamento,110217,1,1,Si,12/04/2019,11200
710000,50,81,Apartamento,110216,1,3,Si,18/04/2019,55000
1400000,51,141,Garaje,110226,4,2,Si,25/02/2020,20000
12120000,55,144,Lote,110228,1,2,Si,19/10/2017,104000
160000,54,172,Local Comercial,110217,4,2,Si,3/05/2019,8000
430000,8,179,Local Comercial,110221,1,3,Si,1/06/2018,4400
12120000,38,141,Lote Con Construccion,110221,4,1,Si,15/11/2019,5000
1530000,29,81,Local Comercial,110212,5,3,Si,10/05/2019,66130
810000,7,147,Apartamento,110230,4,2,Si,14/05/2019,212000
310000,51,124,Local Comercial,110230,5,2,Si,14/05/2019,104000
370000,35,95,Lote,110224,5,2,Si,9/08/2019,15200
5700000,20,81,Casa Lote,110228,2,2,Si,4/06/2019,60049
160000,35,70,Local Comercial,110214,4,1,Si,10/06/2019,19296
1100000,44,42,Oficina,110230,4,2,No,12/06/2019,15000
3880000,25,43,Apartamento,110230,3,1,No,26/06/2019,136080
390000,9,122,Casa,110225,4,2,Si,28/06/2019,35000
610000,26,141,Apartamento,110231,3,3,Si,28/06/2019,18000
2180000,17,145,Garaje,110224,4,2,Si,11/07/2019,63286
1480000,55,52,Apartamento,110231,2,2,No,12/07/2019,52748
160000,10,107,Local Comercial,110216,1,3,Si,22/05/2018,18999
960000,54,121,Oficina,110216,5,1,Si,19/07/2019,24151
1160000,39,55,Apartamento,110228,3,2,No,14/01/2019,14640
3580000,7,173,Casa,110220,5,2,Si,15/01/2019,92014
590000,25,63,Local Comercial,110223,4,1,No,17/01/2019,100000
390000,17,144,Local Comercial,110223,5,1,Si,28/01/2019,185612
900000,24,82,Apartamento,110231,1,1,Si,31/01/2019,44520
850000,28,119,Apartamento,110228,3,2,Si,7/02/2019,8100
470000,52,142,Local Comercial,110222,4,2,Si,16/07/2019,136683
550000,21,165,Local Comercial,110213,4,2,Si,8/02/2019,38000
270000,39,159,Casa,110216,1,3,Si,10/10/2019,12000
7920000,52,48,Casa,110229,5,3,No,19/02/2019,13160
1500000,44,36,Apartamento,110316,5,1,No,19/02/2019,3200
2000000,42,71,Garaje,110312,1,1,Si,20/02/2019,5500
1750000,47,115,Apartamento,110317,3,3,Si,21/02/2019,155750
1600000,43,150,Apartamento,110314,5,2,Si,27/02/2019,25260
900000,38,126,Local Comercial,110319,1,2,Si,15/04/2020,8400
850000,55,47,Apartamento,110317,5,2,No,28/02/2019,222500
500000,18,56,Local Comercial,110313,5,2,No,6/03/2019,20000
160000,38,77,Local Comercial,110312,4,2,Si,6/01/2020,21000
6500000,17,89,Apartamento,110313,5,2,Si,22/11/2019,63425
800000,16,151,Casa,110317,5,2,Si,21/03/2019,35782
310000,32,166,Local Comercial,110311,2,2,Si,21/05/2019,20000
4130000,42,135,Garaje,110320,5,2,Si,27/03/2019,2400
160000,45,88,Local Comercial,110318,3,3,Si,1/06/2018,32700
22810000,24,65,Casa,110313,4,2,No,4/04/2019,20000
1500000,37,110,Garaje,110314,3,3,Si,19/02/2020,175167
2000000,9,120,Garaje,110317,3,3,Si,12/02/2019,26216
1750000,16,113,Apartamento,110315,1,3,Si,24/07/2018,3000
1600000,54,165,Apartamento,110316,2,1,Si,22/08/2018,24000
900000,38,129,Apartamento,110314,1,2,Si,6/08/2019,14000
850000,44,75,Casa,110311,2,3,Si,17/09/2018,10000
290000,55,98,Local Comercial,110439,1,3,Si,21/09/2018,16735
1040000,20,161,Apartamento,110415,4,2,Si,19/10/2018,36480
4410000,13,126,Garaje,110423,5,2,Si,24/10/2018,24786
660000,23,150,Casa,110419,4,1,Si,2/01/2019,102309
1160000,38,51,Apartamento,110414,2,2,No,14/02/2019,34848
41400000,35,155,Edificacion Para Hotel - Motel,110415,1,1,Si,21/01/2020,252781
160000,22,128,Local Comercial,110417,1,1,Si,21/11/2018,66000
160000,47,138,Local Comercial,110425,1,1,Si,26/11/2018,13800
160000,10,141,Local Comercial,110416,1,2,Si,26/11/2018,8000
160000,4,115,Local Comercial,110424,5,2,Si,30/11/2018,4800
710000,35,99,Apartamento,110418,1,3,Si,18/12/2018,31237
700000,29,135,Casa,110418,5,1,Si,18/12/2018,3600
2620000,49,133,Garaje,110413,3,3,Si,10/09/2019,9600
2620000,28,165,Garaje,110430,3,1,Si,4/01/2019,15000
480000,18,152,Local Comercial,110417,3,1,Si,7/01/2019,126046
560000,42,156,Local Comercial,110413,1,1,Si,9/04/2007,361200
6790000,23,95,Bodega,110419,1,3,Si,25/10/2018,77792
3550000,38,109,Casa,110415,4,1,Si,14/04/2017,41460
390000,11,65,Oficina,110423,5,2,No,8/06/2017,21878
230000,5,122,Oficina,110413,5,1,Si,24/01/2012,45700
230000,51,114,Oficina,110427,5,1,Si,6/06/2011,15836
160000,59,66,Local Comercial,110430,4,3,No,17/08/2017,30110
2300000,5,49,Local Comercial,110426,4,1,No,24/07/2012,12000
350000,42,164,Local Comercial,110434,3,1,Si,8/02/2019,66610
350000,50,39,Local Comercial,110413,5,2,No,16/11/2017,7500
690000,29,98,Local Comercial,110432,4,2,Si,18/01/2018,2666
5250000,16,141,Apartamento,110421,4,1,Si,8/10/2019,100000
37360000,60,46,Local Comercial,110411,2,3,No,27/02/2018,38150
758000,58,175,Apartamento,110413,3,1,Si,24/05/2018,166000
2280000,55,81,Casa,110412,3,2,Si,3/12/2019,12000
1140000,13,55,Apartamento,110429,5,1,No,16/03/2018,3000
880000,10,78,Local Comercial,110430,1,1,Si,10/05/2018,7000
2290000,51,59,Local Comercial,110433,3,2,No,23/04/2018,10516
1480000,28,38,Garaje,110436,3,3,No,24/04/2018,66380
500000,57,136,Local Comercial,110422,3,2,Si,26/04/2018,4800
2092679,24,36,Finca,110440,5,3,No,26/04/2018,58000
4470000,7,43,Lote,110414,5,3,No,7/05/2018,12000
340000,32,35,Local Comercial,110437,2,1,No,16/05/2018,109000
4100000,23,151,Casa Lote,110434,3,1,Si,15/04/2020,4000
2380000,19,90,Local Comercial,110417,3,1,Si,1/03/2019,102400
670000,35,76,Local Comercial,110422,2,2,Si,8/05/2019,70400
410000,44,70,Local Comercial,110424,2,3,Si,9/02/2017,11280
2200000,9,71,Lote,110416,1,3,Si,3/01/2020,192910
400000,57,98,Local Comercial,110437,3,2,Si,7/02/2020,30000
1820000,34,91,Oficina,110428,5,1,Si,8/11/2016,15400
290000,51,144,Lote,110425,4,2,Si,27/01/2016,2500
600000,19,137,Oficina,110439,3,2,Si,27/07/2015,21037
550000,23,95,Habitacion hotel,110425,5,1,Si,1/06/2017,9000
12990000,15,77,Edificio,110413,3,1,Si,12/06/2017,2880
3020000,29,45,Bodega,110439,5,2,No,4/02/2019,15445
870000,58,98,Local Comercial,110425,3,1,Si,24/04/2017,12000
470000,26,89,Garaje,110424,1,2,Si,2/02/2018,4500
220000,33,95,Local Comercial,110418,5,1,Si,27/10/2016,15035
4780000,35,102,Apartamento,110411,4,1,Si,21/06/2017,6000
370000,35,85,Local Comercial,110425,3,1,Si,19/07/2019,6050
660000,8,58,Local Comercial,110414,3,3,No,26/09/2019,3000
5000000,54,60,Deposito,110426,3,2,No,30/07/2019,37500
640000,49,128,Apartamento,110434,3,1,Si,12/07/2012,42800
450000,38,85,Local Comercial,110431,5,1,Si,2/10/2017,18000
13370000,34,136,Bodega,110417,2,1,Si,7/02/2020,15292
490000,33,75,Oficina,111411,3,3,Si,9/10/2017,40000
1180000,8,131,Apartamento,111411,1,2,Si,11/10/2017,11200
430000,29,48,Local Comercial,111411,2,1,No,8/07/2015,55000
580000,30,128,Casa Lote,111511,2,1,Si,7/10/2015,20000
620000,59,108,Oficina,111511,2,1,Si,20/08/2019,104000
870000,58,116,Local Comercial,111511,5,3,Si,2/09/2016,8000
906000,32,105,Apartamento,111511,3,3,Si,5/01/2016,4400
830000,54,128,Casa,111511,4,1,Si,5/04/2017,5000
420000,57,140,Local Comercial,111711,2,1,Si,25/05/2018,66130
270000,52,114,Local Comercial,111711,1,3,Si,28/03/2013,212000
530000,18,37,Local Comercial,111711,3,2,No,18/10/2006,104000
8680000,59,40,Casa,111711,4,2,No,6/01/2020,15200
160000,28,97,Local Comercial,111711,1,1,Si,2/04/2012,60049
700000,50,141,Local Comercial,111711,5,3,Si,8/05/2019,19296
130000,48,123,Local Comercial,110512,4,2,Si,12/11/2019,15000
1530000,14,79,Local Comercial,110563,4,2,Si,7/07/2016,136080
1810000,60,143,Local Comercial,110557,5,3,Si,6/04/2017,35000
480000,46,61,Local Comercial,110541,4,3,No,27/11/2012,18000
2090000,10,73,Casa,110546,4,1,Si,8/03/2016,63286
7220000,22,132,Lote,110528,3,3,Si,8/08/2016,52748
580000,4,30,Apartamento,110536,2,3,No,24/07/2018,18999
1160000,50,159,Lote,110512,3,3,Si,23/05/2016,24151
6170000,5,167,Casa,110533,5,3,Si,3/11/2015,14640
140000,58,133,Lote,110536,5,3,Si,28/10/2019,92014
333626,8,75,Local Comercial,110563,1,1,Si,7/11/2016,100000
128834,42,124,Finca,110556,1,2,Si,25/02/2019,185612
320000,47,124,Local Comercial,110558,5,1,Si,9/03/2012,44520
440000,28,63,Local Comercial,110558,3,1,No,30/09/2010,8100
2730000,39,126,Apartamento,110512,4,1,Si,21/11/2019,136683
3400000,49,48,Lote,110570,3,2,No,3/03/2019,38000
700000,8,65,Casa,110531,2,3,No,14/08/2017,12000
80000,28,165,Finca,110528,2,1,Si,16/06/2017,13160
37360000,24,158,Local Comercial,110523,4,2,Si,25/10/2017,3200
590000,21,41,Casa,110536,1,1,No,5/02/2015,5500
480000,7,163,Finca,110551,3,3,Si,17/10/2018,155750
1920000,8,59,Lote,110559,1,2,No,14/05/2018,25260
41400000,13,169,Edificacion Para Hotel - Motel,110561,3,2,Si,15/08/2013,8400
620000,43,152,Local Comercial,110536,1,1,Si,23/04/2018,222500
1930000,51,143,Garaje,110571,2,1,Si,5/02/2019,20000
1280000,49,38,Apartamento,110521,2,1,No,31/08/2017,21000
1250000,26,109,Oficina,110562,1,3,Si,13/11/2015,63425
11690000,5,120,Local Comercial,110521,5,3,Si,19/08/2019,35782
700000,22,171,Local Comercial,110537,1,1,Si,20/01/2015,20000
4090000,9,123,Casa,110522,2,2,Si,3/11/2011,2400
2850000,24,124,Casa,110560,1,1,Si,26/01/2012,32700
190000,37,132,Local Comercial,110567,1,2,Si,28/01/2020,20000
620000,48,36,Apartamento,110525,1,2,No,23/10/2019,175167
1080000,58,164,Lote,110542,2,1,Si,10/12/2019,26216
71050000,42,116,Lote Con Construccion,110528,3,3,Si,31/01/2019,3000
272134,52,117,Local Comercial,110552,3,2,Si,16/03/2006,24000
4881883,23,67,Lote,110531,1,1,No,25/06/2019,14000
1090000,27,144,Casa,110563,3,1,Si,15/05/2019,10000
1740000,12,179,Local Comercial,110557,3,2,Si,1/10/2019,16735
340000,25,61,Local Comercial,110543,1,2,No,13/08/2019,36480
1870000,30,150,Apartamento,110511,4,2,Si,25/09/2019,24786
610000,9,140,Apartamento,110532,3,2,Si,4/01/2019,102309
7090000,51,156,Deposito,110555,3,1,Si,8/01/2020,34848
510000,25,72,Oficina,110567,5,1,Si,13/03/2020,252781
272134,48,70,Local Comercial,110529,3,1,Si,22/11/2019,66000
470000,25,76,Casa,110561,4,3,Si,29/11/2011,13800
510000,57,158,Oficina,110515,2,1,Si,6/02/2012,8000
4370000,25,124,Casa,110557,2,3,Si,24/10/2017,4800
4200000,16,69,Apartamento,110563,1,3,No,29/09/2010,31237
272134,23,82,Oficina,110558,4,3,Si,2/10/2019,3600
2240000,25,146,Apartamento,110517,2,2,Si,7/02/2018,9600
680000,8,51,Apartamento,110518,3,1,No,23/04/2019,15000
350000,27,174,Local Comercial,110558,4,2,Si,2/11/2017,126046
3600000,20,147,Garaje,110535,4,2,Si,1/09/2017,361200
550000,21,63,Apartamento,110522,5,1,No,28/01/2020,77792
340000,9,114,Local Comercial,110567,2,2,Si,2/08/2017,41460
1380000,47,128,Oficina,110539,5,3,Si,21/07/2015,21878
31900000,5,86,Lote,110564,5,3,Si,2/08/2018,45700
1700000,43,44,Apartamento,110538,1,1,No,2/01/2020,15836
460000,20,146,Local Comercial,110533,5,1,Si,11/05/2018,30110
310000,50,47,Local Comercial,110518,3,1,No,23/10/2019,12000
3000000,27,164,Garaje,110564,3,1,Si,25/02/2019,66610
160000,34,64,Local Comercial,110517,4,2,No,21/03/2019,7500
3000000,36,72,Garaje,110524,2,3,Si,3/04/2019,2666
690000,32,52,Oficina,110512,5,1,No,26/02/2020,25000
1180000,23,171,Apartamento,110551,2,2,Si,12/02/2020,6115
272134,54,50,Local Comercial,110517,3,2,No,6/03/2020,5500
440000,48,164,Local Comercial,110546,5,3,Si,9/03/2020,22203
850000,17,156,Apartamento,110528,1,2,Si,9/03/2020,40200
2020000,36,95,Oficina,110545,3,3,Si,10/03/2020,41350
410000,16,129,Local Comercial,110529,1,2,Si,11/03/2020,204800
1200000,7,149,Apartamento,110548,4,1,Si,12/03/2020,8175
2870000,16,93,Lote,110563,4,2,Si,16/03/2020,214000
160000,33,77,Local Comercial,110553,5,1,Si,16/03/2020,52900
2140000,48,155,Local Comercial,110515,5,3,Si,17/03/2020,12800
410000,57,90,Casa,110557,3,1,Si,20/03/2020,18526
3400000,37,101,Casa,110546,3,3,Si,6/04/2020,4000
37360000,8,38,Local Comercial,110565,1,3,No,13/04/2020,7704
420000,16,47,Local Comercial,110531,3,3,No,11/04/2020,18000
1430000,59,100,Local Comercial,110519,1,1,Si,13/04/2020,36120
2640000,13,84,Finca,110554,3,1,Si,9/01/2020,32000
410000,35,151,Deposito,110511,1,1,Si,10/01/2020,18304
2300000,48,54,Local Comercial,110513,5,2,No,13/01/2020,10100
1080000,19,105,Local Comercial,110551,2,2,Si,20/01/2020,142000
3240000,14,33,Local Comercial,110513,4,3,No,20/01/2020,12200
480000,60,150,Apartamento,110553,4,1,Si,20/01/2020,10275
1560000,52,41,Apartamento,110527,3,1,No,23/01/2020,48000
2300000,60,119,Local Comercial,110557,4,2,Si,28/01/2020,5802
7390000,35,66,Local Comercial,110562,1,1,No,30/01/2020,23471
26230000,12,56,Lote,110520,3,2,No,5/02/2020,105000
750000,44,152,Local Comercial,110571,5,2,Si,7/02/2020,25000
1840000,11,101,Apartamento,110513,3,1,Si,10/02/2020,150000
570000,20,174,Apartamento,110551,5,1,Si,13/02/2020,369675
1160000,50,134,Apartamento,110519,2,2,Si,26/02/2020,15559
480000,60,42,Finca,110513,4,1,No,14/02/2020,20944
1910000,38,146,Garaje,110531,1,2,Si,18/02/2020,27000
9060000,38,157,Casa,110522,5,3,Si,24/02/2020,5012
540000,29,87,Oficina,110555,2,3,Si,24/02/2020,52000
440000,19,180,Local Comercial,110527,4,2,Si,25/02/2020,8000
3290000,58,90,Local Comercial,110569,2,3,Si,1/11/2019,12600
1240000,45,65,Local Comercial,110557,2,2,No,5/11/2019,2500
1500000,19,36,Apartamento,110517,3,1,No,6/11/2019,2000
260000,44,109,Local Comercial,110543,2,3,Si,14/11/2019,14000
3400000,40,63,Finca,110556,2,1,No,14/11/2019,16487
2730000,29,42,Garaje,110551,5,1,No,7/06/2019,174634
1950000,39,57,Casa,110533,4,3,No,15/11/2019,337747
3630000,46,169,Lote,110539,3,3,Si,19/11/2019,113000
450000,17,113,Local Comercial,110547,3,1,Si,20/11/2019,43000
65000,42,179,Local Comercial,110533,3,3,Si,21/11/2019,413000
2630000,21,50,Apartamento,110522,5,3,No,22/11/2019,133712
272134,51,77,Local Comercial,110523,3,2,Si,26/11/2019,336664
440000,31,148,Oficina,110564,2,3,Si,5/12/2019,167600
1260000,9,93,Local Comercial,110569,2,1,Si,6/12/2019,10830
3690000,48,166,Casa,110519,5,1,Si,11/12/2019,11985
3600000,39,65,Garaje,110556,5,2,No,18/12/2019,82038
150000,31,43,Garaje,110511,2,1,No,27/12/2019,6000
1050000,53,36,Finca,110516,2,1,No,31/12/2019,36133
5330000,38,159,Lote,110521,2,1,Si,3/01/2020,110984
1210000,33,44,Local Comercial,110537,5,1,No,3/04/2020,28000
530000,25,149,Local Comercial,110529,3,3,Si,10/09/2019,180900
430000,19,58,Local Comercial,110615,4,1,No,12/09/2019,24000
400000,41,37,Local Comercial,110619,3,2,No,17/04/2020,143600
2380000,32,36,Local Comercial,110619,4,3,No,29/10/2019,57263
1685000,32,50,Casa,110612,1,1,No,29/10/2019,156641
2300000,17,52,Local Comercial,110613,2,2,No,6/11/2019,9485
272134,32,57,Local Comercial,110612,2,3,No,25/09/2019,50000
119000,55,103,Bodega,110614,4,2,Si,11/11/2019,107515
6900000,7,48,Casa,110621,2,3,No,11/11/2019,44048
900000,13,50,Oficina,110613,4,2,No,13/11/2019,31856
340000,57,118,Local Comercial,110618,1,2,Si,7/06/2019,56165
660000,13,154,Local Comercial,110613,4,2,Si,15/11/2019,19200
10220000,56,67,Bodega,110617,4,3,No,19/11/2019,29000
3650000,25,154,Local Comercial,110621,5,3,Si,20/11/2019,19500
760000,9,120,Local Comercial,110615,4,1,Si,20/11/2019,97934
400000,5,142,Local Comercial,110614,3,3,Si,11/02/2020,165300
530000,22,122,Local Comercial,110612,3,1,Si,18/12/2019,28397
900000,42,157,Local Comercial,110613,3,1,Si,19/12/2019,40000
610000,26,178,Oficina,110617,4,3,Si,19/12/2019,19200
390000,33,37,Local Comercial,110620,2,1,No,1/07/2019,11250
430000,19,71,Local Comercial,110617,4,3,Si,3/01/2020,30711
3120000,11,155,Local Comercial,110717,1,3,Si,3/01/2020,12000
37360000,15,50,Local Comercial,110712,1,2,No,6/01/2020,250000
1050000,29,138,Lote,110730,4,3,Si,7/01/2020,51498
1800000,45,63,Oficina,110726,1,1,No,10/01/2020,4370
1530000,43,115,Local Comercial,110727,3,1,Si,16/01/2020,19967
4790000,29,159,Garaje,110717,4,3,Si,20/01/2020,82817
1160000,47,91,Apartamento,110715,1,2,Si,20/01/2020,348000
270000,45,31,Lote,110733,3,1,No,22/01/2020,99592
1410000,39,132,Casa,110712,5,3,Si,22/01/2020,60000
3600000,5,154,Garaje,110719,3,2,Si,23/01/2020,41600
750000,57,120,Oficina,110741,2,1,Si,23/01/2020,45000
430000,21,169,Local Comercial,110740,3,1,Si,24/01/2020,4860
119000,52,67,Apartamento,110732,1,1,No,24/01/2020,8625
1750000,43,30,Oficina,110724,5,2,No,24/01/2020,104400
1300000,49,109,Casa,110712,1,3,Si,26/01/2020,20800
450000,17,160,Local Comercial,110724,4,2,Si,27/01/2020,42000
272134,58,174,Local Comercial,110722,2,3,Si,28/01/2020,6000
830000,9,32,Local Comercial,110724,5,2,No,30/01/2020,68500
272134,26,89,Local Comercial,110730,2,3,Si,31/01/2020,6597
7350000,31,111,Casa,110741,4,1,Si,3/02/2020,105000
980000,47,164,Local Comercial,110719,3,1,Si,25/11/2019,25000
420000,32,66,Local Comercial,110721,2,1,No,26/11/2019,32000
2990000,41,139,Casa,110730,2,1,Si,2/12/2019,15900
1800000,25,45,Oficina,110732,4,1,No,3/12/2019,8520
1480000,43,61,Apartamento,110717,4,3,No,4/12/2019,86400
480000,57,137,Local Comercial,110721,4,1,Si,4/12/2019,174000
310000,55,32,Casa,110718,3,1,No,4/12/2019,60000
890000,29,46,Apartamento,110716,1,2,No,5/12/2019,23448
5620000,30,35,Casa,110718,3,1,No,6/12/2019,31500
2216342,11,142,Finca,110711,2,3,Si,12/12/2019,140746
272134,21,172,Oficina,110719,1,2,Si,16/12/2019,111191
760000,49,92,Oficina,110736,1,3,Si,9/04/2018,180000
2300000,26,141,Local Comercial,110715,5,3,Si,2/04/2020,2700
3650000,27,31,Local Comercial,110728,5,2,No,23/09/2019,4400
80000,33,76,Finca,110728,5,3,Si,24/09/2019,101250
680000,52,67,Local Comercial,110728,2,2,No,26/09/2019,17780
460000,29,94,Local Comercial,110711,1,3,Si,26/09/2019,105133
450000,24,72,Local Comercial,110739,3,2,Si,2/10/2019,150446
1220000,25,35,Apartamento,110724,2,3,No,12/12/2019,90935
1050000,6,45,Deposito,110714,1,2,No,7/10/2019,16000
980000,8,53,Local Comercial,110721,4,2,No,7/10/2019,4800
3610000,42,101,Lote Con Construccion,110740,1,3,Si,7/10/2019,37000
3400000,38,115,Lote,110737,1,3,Si,9/10/2019,38847
293500,10,146,Local Comercial,110737,3,2,Si,10/10/2019,9000
320000,53,123,Local Comercial,110731,4,1,Si,14/10/2019,2035
1300000,4,50,Apartamento,110725,2,2,No,16/10/2019,9600
1910000,4,54,Garaje,110712,4,2,No,31/10/2019,36500
6590000,12,168,Local Comercial,110731,2,2,Si,18/10/2019,25600
272134,10,177,Oficina,110715,5,3,Si,21/10/2019,11810
2020000,60,78,Bodega,110732,1,1,Si,25/10/2019,3540
420000,35,98,Local Comercial,110726,3,1,Si,24/03/2020,10800
420000,26,84,Local Comercial,110732,1,2,Si,28/10/2019,43800
150000,45,39,Garaje,110718,4,3,No,28/10/2019,91200
430000,40,60,Local Comercial,110740,4,3,No,3/02/2020,21211
420000,7,78,Local Comercial,110720,2,2,Si,4/02/2020,39661
2300000,23,41,Local Comercial,110717,5,3,No,7/02/2020,41562
370000,34,124,Local Comercial,110711,2,3,Si,10/02/2020,12447
1130000,48,116,Local Comercial,110725,1,1,Si,11/02/2020,105600
410000,53,172,Local Comercial,110713,5,1,Si,11/02/2020,64593
8700000,45,80,Lote,110737,4,2,Si,11/02/2020,20000
320000,41,85,Oficina,110861,3,1,Si,11/02/2020,569584
1160000,14,40,Apartamento,110812,2,2,No,13/02/2020,8800
1160000,31,145,Apartamento,110859,3,3,Si,13/02/2020,147715
240000,36,167,Local Comercial,110855,4,3,Si,13/02/2020,9000
1100000,44,54,Garaje,110825,2,1,No,14/02/2020,48424
500000,42,148,Oficina,110835,5,1,Si,18/02/2020,14000
1950000,56,149,Apartamento,110834,5,2,Si,19/02/2020,9776
500000,42,172,Local Comercial,110826,3,2,Si,19/02/2020,3875
640000,60,152,Casa,110813,1,2,Si,5/03/2020,757056
700000,35,106,Apartamento,110860,2,1,Si,10/05/2019,4500
1160000,9,115,Apartamento,110833,3,1,Si,7/10/2016,1400
160000,10,44,Local Comercial,110834,2,1,No,12/09/2016,2200
160000,4,171,Local Comercial,110841,4,1,Si,1/07/2019,88638
160000,55,147,Local Comercial,110817,2,3,Si,21/03/2018,162040
340000,57,35,Apartamento,110867,4,3,No,23/10/2017,105600
350000,48,146,Apartamento,110845,1,3,Si,3/08/2018,3138
330000,14,125,Apartamento,110835,5,2,Si,31/08/2018,16000
160000,16,168,Local Comercial,110815,2,1,Si,3/12/2018,26171
340000,27,107,Apartamento,110817,3,3,Si,18/04/2019,149378
500000,49,55,Local Comercial,110829,4,1,No,22/05/2019,15062
370000,45,63,Apartamento,110876,2,2,No,30/05/2019,26000
160000,29,132,Local Comercial,110857,5,2,Si,7/01/2020,14445
160000,57,134,Local Comercial,110821,2,2,Si,2/08/2019,2280
160000,15,72,Local Comercial,110841,4,3,Si,18/09/2019,3300
980000,54,88,Apartamento,110853,3,3,Si,7/10/2019,115570
160000,34,40,Local Comercial,110873,5,2,No,27/02/2020,168750
340000,50,140,Apartamento,110863,2,3,Si,16/10/2019,59566
160000,12,139,Local Comercial,110881,5,3,Si,10/05/2019,35500
2330000,40,179,Apartamento,110874,1,2,Si,20/11/2019,5400
160000,54,173,Local Comercial,110812,5,2,Si,21/01/2020,2500
240000,35,156,Local Comercial,110876,2,1,Si,8/11/2019,50833
500000,50,32,Local Comercial,110872,1,1,No,13/03/2020,17600
360000,20,161,Apartamento,110816,2,2,Si,6/03/2020,37290
480000,31,163,Local Comercial,110865,2,1,Si,12/03/2020,4900
160000,13,85,Local Comercial,110867,3,3,Si,18/03/2020,42144
160000,22,59,Local Comercial,110851,1,1,No,18/03/2020,11700
160000,28,143,Local Comercial,110861,3,1,Si,18/03/2020,2000
160000,34,142,Local Comercial,110816,2,1,Si,20/03/2020,7188
160000,53,35,Local Comercial,110827,3,3,No,23/03/2020,8000
340000,29,153,Apartamento,110840,1,1,Si,23/03/2020,8000
160000,19,139,Local Comercial,110838,5,1,Si,24/03/2020,80365
500000,24,59,Local Comercial,110859,2,3,No,26/03/2020,48215
500000,22,132,Local Comercial,110830,3,1,Si,30/03/2020,131150
500000,55,92,Local Comercial,110823,2,1,Si,1/04/2020,58440
160000,33,160,Local Comercial,110861,4,3,Si,8/04/2020,4800
160000,24,84,Local Comercial,110871,5,1,Si,10/04/2020,2840
160000,44,50,Local Comercial,110879,5,3,No,13/04/2020,4500
160000,31,155,Local Comercial,110861,1,3,Si,15/04/2020,6000
240000,27,30,Local Comercial,110862,1,1,No,16/04/2020,71600
240000,48,152,Local Comercial,110861,1,1,Si,16/04/2020,33336
160000,31,40,Local Comercial,110868,1,2,No,16/04/2020,25000
1080000,27,120,Apartamento,110878,3,1,Si,17/04/2020,5000
980000,8,53,Apartamento,110880,5,1,No,10/10/2018,2354
160000,37,149,Local Comercial,110817,1,3,Si,28/01/2020,11630
160000,41,176,Local Comercial,110865,4,2,Si,19/02/2020,6976
160000,20,127,Local Comercial,110855,5,1,Si,19/02/2020,2300
1050000,49,142,Casa,110837,4,1,Si,21/02/2020,65000
160000,20,142,Local Comercial,110834,5,2,Si,21/02/2020,17060
1020000,58,163,Apartamento,110881,1,2,Si,24/02/2020,70231
1260000,18,136,Apartamento,110812,3,3,Si,25/02/2020,6000
340000,9,81,Apartamento,110821,3,1,Si,28/02/2020,10650
1020000,25,102,Apartamento,110845,2,1,Si,28/02/2020,12000
480000,26,49,Local Comercial,110858,5,3,No,22/05/2019,16312
1980000,43,151,Apartamento,110829,3,2,Si,4/03/2020,11500
480000,9,76,Local Comercial,110863,4,2,Si,10/10/2018,3585
240000,9,73,Local Comercial,110847,1,3,Si,21/05/2019,22150
160000,52,41,Local Comercial,110812,5,1,No,7/02/2013,850
610000,50,151,Apartamento,110862,1,2,Si,6/06/2019,12730
340000,19,100,Apartamento,110874,2,2,Si,9/10/2013,3603
350000,60,125,Apartamento,110859,4,3,Si,6/04/2016,7940
1260000,38,30,Apartamento,110842,4,2,No,20/03/2018,70000
1020000,41,63,Apartamento,110878,3,1,No,21/11/2019,144200
1260000,33,156,Apartamento,110850,2,3,Si,16/03/2020,14122
1020000,20,143,Apartamento,110880,5,1,Si,24/02/2020,65338
1260000,39,91,Apartamento,110865,1,2,Si,28/02/2017,32767
1160000,48,53,Apartamento,110835,2,2,No,7/07/2017,32000
340000,5,132,Apartamento,110839,3,1,Si,19/07/2017,169483
340000,11,91,Apartamento,110856,4,3,Si,19/07/2018,197329
340000,14,61,Apartamento,110854,1,3,No,15/08/2017,15000
360000,38,57,Apartamento,110838,3,1,No,8/08/2017,27650
330000,37,50,Apartamento,110836,5,3,No,16/08/2017,10000
1190000,31,106,Casa,110834,3,1,Si,22/08/2017,2080
340000,43,58,Apartamento,110872,2,2,No,17/07/2017,8000
180000,48,173,Local Comercial,110811,1,1,Si,11/10/2017,10395
240000,26,35,Local Comercial,110868,4,3,No,19/12/2019,7830
240000,11,109,Local Comercial,110811,5,1,Si,31/01/2020,24000
240000,13,36,Local Comercial,110821,4,2,No,3/04/2018,30000
240000,24,135,Local Comercial,110871,1,3,Si,16/04/2018,8700
1620000,6,49,Casa,110815,4,1,No,16/12/2016,19016
620000,43,114,Apartamento,110828,5,2,Si,31/05/2018,24000
5740000,12,57,Casa Recreo,110846,3,1,No,9/08/2018,44470
6370000,44,68,Casa Lote,110876,5,1,No,7/04/2020,6150
1240000,46,170,Apartamento,110853,2,2,Si,6/08/2018,4080
360000,48,109,Local Comercial,110880,3,1,Si,22/08/2018,22566
500000,20,44,Local Comercial,110823,2,1,No,7/06/2019,56000
1120000,58,42,APARTAMENTO,110843,3,2,No,8/06/2015,11000
500000,55,36,Local Comercial,110842,2,1,No,1/04/2014,5294
500000,35,123,Local Comercial,110846,4,1,Si,15/12/2016,22558
160000,34,175,Local Comercial,110863,4,1,Si,18/01/2017,77446
160000,52,32,Local Comercial,110864,1,3,No,2/12/2019,25000
160000,46,80,Local Comercial,110881,3,2,Si,18/04/2019,7036
490000,32,81,Local Comercial,110838,3,2,Si,15/01/2019,19955
240000,37,117,Local Comercial,110820,3,2,Si,10/03/2017,59823
480000,52,147,Local Comercial,110867,1,3,Si,27/05/2015,45452
1160000,5,111,Apartamento,110836,2,2,Si,6/04/2020,226000
1160000,48,177,Apartamento,110817,1,3,Si,15/04/2020,121284
1980000,36,128,Apartamento,110849,4,1,Si,15/04/2020,3712
160000,49,82,Local Comercial,110831,4,1,Si,8/04/2020,3750
160000,9,169,Local Comercial,110845,4,1,Si,18/04/2020,14000
160000,44,139,Local Comercial,110857,2,2,Si,14/04/2020,3800
160000,25,64,Local Comercial,110818,5,2,No,24/12/2015,10000
160000,49,167,Local Comercial,110842,3,2,Si,4/09/2014,2992
160000,56,121,Local Comercial,110864,2,1,Si,21/08/2017,20000
160000,49,140,Local Comercial,110867,4,3,Si,8/08/2017,24000
680000,37,129,Apartamento,110875,4,2,Si,30/10/2019,41760
160000,30,64,Local Comercial,110811,1,2,No,10/01/2020,166500
160000,41,40,Local Comercial,110839,1,2,No,23/01/2020,26994
160000,17,64,Local Comercial,110863,5,1,No,12/02/2020,7500
160000,40,102,Local Comercial,110839,5,2,Si,6/04/2020,78000
160000,23,109,Local Comercial,110822,3,2,Si,20/04/2020,5736
160000,59,173,Local Comercial,110831,2,1,Si,19/02/2020,26360
160000,35,87,Local Comercial,110819,2,2,Si,20/02/2020,1500
500000,18,32,Local Comercial,110869,2,3,No,25/02/2020,4920
500000,56,78,Local Comercial,110813,2,1,Si,26/02/2020,43396
500000,8,98,Local Comercial,110874,5,2,Si,3/03/2020,10905
1110000,50,33,Apartamento,110856,4,2,No,5/03/2020,300000
1500000,15,168,Apartamento,110847,5,3,Si,5/03/2020,18400
2000000,57,36,Apartamento,110859,1,1,No,13/03/2020,42650
1500000,5,125,Apartamento,110868,4,3,Si,13/03/2020,4922
2000000,17,94,Apartamento,110835,5,1,Si,16/03/2020,17000
7180000,54,167,Apartamento,110845,2,2,Si,16/03/2020,6975
7180000,33,33,Garaje,110831,5,3,No,20/03/2020,19200
7180000,30,132,Garaje,110861,2,3,Si,30/03/2020,61900
7180000,21,67,Garaje,110831,3,2,No,2/12/2019,17362
7180000,23,108,Garaje,110844,4,2,Si,12/12/2019,37500
456000,38,75,Garaje,110829,1,2,Si,9/01/2020,42000
557000,26,44,Apartamento,110823,1,2,No,10/01/2020,37779
240000,10,171,Local Comercial,110811,3,3,Si,14/01/2020,5000
1190000,47,46,Casa,110877,4,2,No,27/01/2020,9000
2870000,20,56,OFICINA,110852,4,2,No,15/01/2020,540
7680000,36,138,Local Comercial,110926,1,2,Si,16/01/2020,4000
820000,7,46,Oficina,110924,2,2,No,17/01/2020,12606
390000,8,50,Casa,110924,5,1,No,27/01/2020,80000
3220000,53,40,Garaje,110926,5,3,No,10/02/2020,152000
3220000,56,83,Apartamento,110927,4,3,Si,6/01/2016,15000
2040000,51,176,Apartamento,110915,2,1,Si,20/11/2018,22524
1300000,27,151,Apartamento,110919,2,1,Si,15/08/2019,2900
340000,19,77,Apartamento,110911,4,3,Si,20/08/2019,2850
1300000,21,78,Apartamento,110923,3,3,Si,28/08/2019,14625
3590000,57,170,Local Comercial,110912,3,3,Si,6/09/2019,99425
710000,7,63,Casa,110922,1,1,No,19/09/2019,6300
1040000,18,59,Apartamento,110921,2,3,No,21/09/2019,2250
810000,47,98,Casa,110911,1,1,Si,3/10/2019,36800
1300000,28,38,Apartamento,110918,1,2,No,4/10/2019,7862
3890000,55,66,Casa,110915,2,1,No,8/10/2019,2500
1990000,51,172,Local Comercial,110923,2,3,Si,29/08/2019,6750
1550000,52,65,Apartamento,110912,1,3,No,14/10/2019,19486
1700000,45,88,Garaje,110923,5,3,Si,15/10/2019,44800
3700000,47,62,Garaje,110915,4,2,No,15/10/2019,2880
2640000,4,158,Casa,110929,2,3,Si,22/10/2019,28436
5360000,46,117,Casa,110930,5,3,Si,4/11/2019,2100
850000,10,60,Apartamento,110928,3,3,No,6/11/2019,960
2760000,5,99,Apartamento,110913,3,1,Si,6/02/2019,130000
1500000,42,79,Apartaestudio,110924,2,1,Si,11/02/2019,6750
5100000,8,140,Apartamento,110914,2,2,Si,19/02/2019,98018
1610000,39,77,Apartamento,110926,2,2,Si,18/03/2019,12000
1610000,8,38,Garaje,110922,2,3,No,3/04/2019,13000
2640000,58,151,Casa,110913,3,3,Si,9/04/2019,3200
5950000,58,132,Casa,110926,1,3,Si,12/04/2019,55110
6300000,39,56,Oficina,110914,3,2,No,7/05/2019,235625
760000,39,175,Apartamento,110911,4,2,Si,20/05/2019,4038
1770000,34,160,Bodega,110920,3,1,Si,28/02/2020,42560
6990000,45,106,Casa,110912,2,1,Si,31/05/2019,5500
4950000,15,77,Casa,110914,4,3,Si,3/06/2019,8800
6990000,19,74,Casa,110931,1,2,Si,5/06/2019,18057
3270000,37,170,Casa,110916,1,1,Si,28/06/2019,1250
3050000,51,176,Casa,110921,4,1,Si,8/07/2019,11800
1290000,28,35,Apartamento,110924,2,3,No,22/07/2019,12000
5000000,56,157,Apartamento,110928,4,2,Si,5/08/2019,152376
5000000,31,102,Garaje,110931,2,3,Si,12/04/2018,38000
5000000,30,90,Garaje,111020,4,2,Si,5/02/2020,23200
1330000,32,83,Apartamento,111020,2,1,Si,10/05/2018,11760
1330000,45,67,Garaje,111028,5,2,No,14/01/2020,26820
5000000,40,110,Apartamento,111035,2,3,Si,18/06/2018,7500
5000000,20,145,Garaje,111020,2,3,Si,23/07/2018,5440
5000000,17,76,Deposito,111051,5,3,Si,21/06/2019,18188
1230000,44,140,Apartamento,111069,2,1,Si,10/10/2018,1600
1200000,5,83,Apartamento,111032,1,2,Si,17/10/2018,9170
1390000,6,47,Apartamento,111044,4,3,No,12/11/2018,4400
4890000,10,90,Casa,111058,2,3,Si,20/11/2018,14784
3600000,20,119,Oficina,111054,3,2,Si,7/12/2018,202500
2570000,28,153,Apartamento,111061,5,1,Si,14/12/2018,4800
2570000,27,107,Casa,111018,4,1,Si,4/01/2019,18288
1940000,23,180,Apartamento,111068,1,3,Si,19/12/2018,105600
1940000,39,76,Garaje,111049,2,3,Si,14/01/2019,45000
8970000,17,115,Casa,111052,5,3,Si,17/01/2019,4140
8400000,10,164,Apartamento,111045,5,2,Si,4/02/2019,9600
8400000,27,148,Garaje,111024,3,2,Si,21/10/2019,5639
8400000,12,121,Garaje,111028,3,2,Si,24/09/2019,5500
1950000,24,127,Casa,111030,5,2,Si,2/08/2018,5000
10480000,11,163,Lote,111035,5,3,Si,20/04/2019,6400
1000000,7,132,Casa,111015,4,2,Si,26/08/2014,25300
1560000,33,91,Casa,111030,5,3,Si,3/10/2017,10941
890000,57,49,Apartamento,111043,2,2,No,7/04/2020,14236
890000,18,46,Garaje,111066,1,2,No,26/05/2017,105000
2110000,12,128,Apartamento,111039,3,3,Si,8/01/2018,40000
2110000,18,46,Garaje,111029,1,3,No,8/01/2018,44000
2110000,42,171,Garaje,111035,4,3,Si,10/01/2018,100000
22840000,24,157,Apartamento,111056,3,1,Si,26/01/2018,140725
5510000,52,179,Apartamento,111031,5,3,Si,8/02/2018,4800
5780000,37,67,Apartamento,111046,1,1,No,4/03/2016,3780
1830000,35,124,Garaje,111059,5,3,Si,10/11/2011,8466
2360000,34,137,Apartamento,111017,1,1,Si,16/04/2020,57832
900000,17,129,Casa,111068,1,2,Si,15/04/2019,6276
3190000,57,103,Apartamento,111057,2,3,Si,21/10/2019,20000
1050000,11,156,Garaje,111039,3,3,Si,9/04/2020,19200
2570000,18,170,Garaje,111039,3,1,Si,2/02/2015,100000
2570000,33,101,Garaje,111051,4,3,Si,8/08/2012,9203
2570000,30,117,Garaje,111062,5,1,Si,28/02/2012,10000
2570000,31,142,Deposito,111012,3,1,Si,24/02/2016,79661
1040000,18,63,Apartamento,111028,5,1,No,16/03/2016,12000
770000,14,133,Apartamento,111016,3,1,Si,10/11/2015,45000
800000,19,140,Casa,111014,5,2,Si,6/05/2016,11200
1150000,46,115,Oficina,111020,1,2,Si,21/11/2016,4167
4000000,42,76,Apartamento,111029,1,3,Si,18/06/2010,24875
650000,17,125,Casa,111051,3,1,Si,13/03/2017,2500
1110000,59,83,Apartamento,111022,5,2,Si,13/03/2017,7500
900000,57,175,Apartamento,111033,4,3,Si,11/12/2008,12925
900000,46,56,Garaje,111047,3,2,No,4/12/2019,12239
900000,52,178,Deposito,111056,2,1,Si,16/05/2019,47290
1050000,11,118,Apartamento,111053,1,3,Si,25/02/2020,73300
580000,43,140,Casa,111043,2,3,Si,29/05/2018,77000
750000,59,98,Casa,111014,3,2,Si,25/02/2020,9904
850000,41,73,Apartamento,111016,1,3,Si,11/06/2019,8000
880000,53,31,Oficina,111046,1,2,No,21/06/2019,2512
450000,52,103,Local Comercial,111041,5,2,Si,5/09/2019,7531
760000,12,64,Local Comercial,111051,1,3,No,17/10/2019,9027
5650000,35,172,Deposito,111025,5,1,Si,28/10/2019,87000
3170000,10,46,Apartamento,111022,5,1,No,6/06/2017,3000
3170000,12,81,Garaje,111031,4,1,Si,10/12/2019,40000
3170000,49,116,Garaje,111071,1,1,Si,29/05/2019,7575
3170000,7,150,Deposito,111034,5,3,Si,4/03/2020,62000
4600000,45,159,Casa,111054,3,1,Si,3/12/2019,11500
2180000,49,111,Apartamento,111049,4,3,Si,3/02/2020,7500
1810000,60,57,Apartamento,111044,2,3,No,4/03/2020,10000
1810000,27,156,Garaje,111013,5,1,Si,10/03/2020,108960
85800000,36,179,Lote,111017,2,1,Si,3/04/2020,4000
1910000,53,109,Oficina,111035,4,1,Si,11/02/2013,1000
2360000,57,59,Casa,111031,4,3,No,6/06/2016,1260
850000,22,151,Apartamento,111049,2,1,Si,18/12/2018,27190
850000,52,176,Garaje,111070,4,3,Si,5/09/2007,62193
950000,29,94,Apartamento,111013,2,3,Si,9/12/2015,12000
14500000,4,46,Bodega,111057,1,1,No,23/07/2019,305000
970000,60,180,Apartamento,111064,2,2,Si,10/08/2018,30143
2070000,23,74,Apartamento,111068,1,3,Si,26/07/2017,18836
710000,44,167,Casa,111034,1,1,Si,24/04/2019,28610
370000,55,152,Casa,111027,3,3,Si,21/10/2019,37900
1640000,18,36,Apartamento,111064,2,3,No,26/09/2016,8640
2310000,51,42,Apartamento,111020,2,2,No,17/05/2018,88000
2310000,28,43,Garaje,111016,5,1,No,31/03/2017,42240
2310000,41,137,Garaje,111068,2,1,Si,24/08/2018,40000
2310000,11,109,Bodega,111028,1,2,Si,25/08/2017,77000
7170000,48,178,Casa,111027,1,3,Si,31/10/2017,18000
1890000,5,120,Casa,111029,2,1,Si,29/08/2019,15200
960000,51,135,Garaje,111051,4,2,Si,6/10/2016,15716
960000,34,173,Apartamento,111068,4,3,Si,29/08/2019,4032
2680000,48,110,Casa,111045,2,2,Si,7/11/2017,80000
1100000,46,116,Apartamento,111021,2,1,Si,27/03/2018,1600
1755000,14,160,Apartamento,111046,1,1,Si,29/08/2019,20000
270000,54,166,Local Comercial,111012,3,3,Si,29/11/2018,15328
330000,44,178,Local Comercial,111021,4,3,Si,3/09/2018,271312
560000,49,92,Local Comercial,111046,4,3,Si,1/10/2018,4500
270000,20,118,Local Comercial,111018,2,3,Si,26/02/2020,98295
270000,38,173,Local Comercial,111022,2,2,Si,8/10/2018,16000
270000,42,95,Local Comercial,111017,4,3,Si,31/10/2018,80000
260000,31,157,Local Comercial,111047,4,1,Si,20/09/2018,2880
580000,4,179,Local Comercial,111025,1,2,Si,8/11/2018,154195
540000,44,109,Casa Lote,111071,1,2,Si,14/11/2018,10950
2320000,54,92,Apartamento,111037,3,1,Si,15/04/2019,3600
6320000,44,30,Edificio,111052,5,1,No,21/11/2018,2000
865000,4,75,Casa,111031,1,3,Si,25/11/2018,32400
710000,28,136,Casa,111026,5,2,Si,11/07/2019,2000
8850000,54,133,Apartamento,111044,2,2,Si,28/10/2019,1200
3670000,60,124,Casa,111016,5,3,Si,7/10/2019,7304
1840000,38,53,Apartamento,111050,5,2,No,1/11/2019,11277
1840000,59,67,Apartamento,111035,1,1,No,28/08/2019,55000
1080000,11,93,Casa,111056,5,1,Si,17/03/2020,5400
48000000,43,140,Oficina,111033,4,2,Si,4/11/2019,2450
2420000,21,108,Apartamento,111015,5,2,Si,4/11/2019,10956
1550000,52,84,Casa,111049,3,1,Si,5/11/2019,48462
5980000,52,172,Apartamento,111043,2,1,Si,5/11/2019,23600
990000,5,107,Apartamento,111062,5,1,Si,13/01/2020,45000
990000,8,51,Garaje,111069,1,3,No,24/02/2020,12000
1150000,43,138,Apartamento,111034,4,2,Si,12/11/2019,21000
2910000,4,153,Apartamento,111067,4,2,Si,13/11/2019,34340
2910000,7,40,Garaje,111037,4,2,No,13/11/2019,4000
560000,41,106,Apartamento,111014,5,3,Si,14/11/2019,5000
810000,53,92,Apartamento,111038,1,3,Si,10/12/2018,14168
1350000,59,111,Apartamento,111037,5,2,Si,18/11/2019,4200
1350000,5,36,Garaje,111035,5,2,No,18/11/2019,22400
3630000,52,115,CASA - LOTE - BODEGA,111036,5,2,Si,19/11/2019,16000
80000,51,176,Lote,760002,4,2,Si,19/11/2019,25196
1020000,19,90,Local Comercial,760003,3,2,Si,21/11/2019,1400
2050000,22,148,Casa,760002,2,2,Si,21/11/2019,18000
12960000,18,49,Bodega,760004,4,1,No,3/12/2019,29839
1350000,48,137,Casa,760004,2,1,Si,3/12/2019,45900
480000,13,120,Local Comercial,760004,3,1,Si,4/12/2019,5634
760000,34,138,Apartamento,760001,1,2,Si,12/11/2019,360000
760000,39,79,Garaje,760001,4,3,Si,5/12/2019,143177
570000,49,43,Apartamento,760009,5,2,No,10/10/2019,4300
12400000,55,179,Casa,760006,2,1,Si,10/10/2019,29000
880000,54,41,Apartamento,760009,1,3,No,11/10/2019,48222
1000000,56,133,Apartamento,760014,2,2,Si,11/10/2019,17694
1000000,4,85,Apartamento,760007,4,1,Si,15/10/2019,6756
1000000,17,115,Garaje,760006,5,1,Si,19/11/2019,15748
2880000,42,138,Casa,760009,3,3,Si,16/10/2019,13000
3870000,17,72,Local Comercial,760015,5,2,Si,17/10/2019,18975
540000,37,151,Casa,760015,4,1,Si,17/10/2019,5564
4670000,45,50,Oficina,760015,5,2,No,17/10/2019,19470
4670000,34,70,Oficina,760010,3,1,Si,23/10/2019,54630
4670000,20,70,Oficina,760007,4,2,Si,23/10/2019,2000
4670000,5,61,Garaje,760006,3,1,No,28/10/2019,13000
4670000,29,30,Garaje,760007,1,2,No,29/10/2019,480
4670000,25,152,Garaje,760013,1,2,Si,29/10/2019,35000
1560000,19,108,Casa,760014,3,1,Si,9/08/2019,42000
740000,41,66,Apartamento,760006,3,1,No,30/10/2019,27936
2900000,37,80,Apartamento,760006,1,3,Si,30/10/2019,15800
2900000,10,118,Garaje,760011,1,1,Si,31/10/2019,60540
2900000,6,96,Garaje,760013,1,2,Si,9/12/2019,20000
1210000,41,125,Local Comercial,760009,2,2,Si,16/09/2019,61500
2510000,6,137,Local Comercial,760009,1,2,Si,12/09/2019,12000
2510000,15,159,Local Comercial,760007,3,1,Si,14/10/2019,6300
2510000,21,78,Local Comercial,760007,5,1,Si,11/09/2019,3180
3680000,56,168,Local Comercial,760011,5,1,Si,24/01/2020,73300
2100000,10,178,Apartamento,760007,5,2,Si,12/09/2019,26850
2100000,47,124,Garaje,760007,2,3,Si,12/09/2019,81000
3900000,10,60,Apartamento,760014,4,3,No,12/09/2019,20350
1260000,50,110,Apartamento,760015,1,3,Si,28/02/2020,67156
730000,26,88,Casa,760009,3,1,Si,17/09/2019,10000
730000,20,83,Casa,760021,1,2,Si,12/12/2019,3735
5500000,57,73,Lote Con Construccion,760022,5,1,Si,17/09/2019,5000
3690000,9,164,Apartamento,760023,1,1,Si,18/09/2019,62878
180000,19,37,Local Comercial,760026,2,3,No,2/10/2019,10000
1570000,28,76,Garaje,760026,5,2,Si,23/09/2019,4500
1370000,28,100,Apartamento,760024,5,1,Si,25/09/2019,1800
1370000,50,98,Garaje,760022,5,2,Si,26/09/2019,23940
4700000,9,72,Edificacion Para Hotel - Motel,760021,2,2,Si,26/09/2019,84000
9710000,36,110,Casa,760022,3,1,Si,30/09/2019,98967
340000,12,151,Local Comercial,760024,3,2,Si,1/10/2019,24000
530000,43,118,Local Comercial,760026,2,3,Si,13/11/2019,13200
530000,10,51,Local Comercial,760022,5,3,No,29/11/2018,74750
1880000,25,92,Apartamento,760022,2,1,Si,11/09/2019,7200
690000,40,132,Apartamento,760023,3,2,Si,27/08/2019,28078
710000,9,134,Apartamento,760025,3,3,Si,26/08/2019,76618
870000,38,122,Apartamento,760023,2,2,Si,7/01/2019,6000
690000,34,130,Apartamento,760025,4,2,Si,7/01/2019,165921
1550000,54,34,Edificio,760020,2,2,No,16/01/2019,90212
760000,53,88,Casa,760023,3,2,Si,28/01/2019,12000
2000000,21,179,Apartamento,760024,3,2,Si,4/02/2020,24240
380000,27,156,Lote,760023,3,2,Si,12/07/2019,12500
3720000,56,119,Casa,760025,5,2,Si,11/02/2019,19200
1530000,13,126,Local Comercial,760022,3,1,Si,5/12/2019,248964
450000,31,100,Apartamento,760023,3,2,Si,14/01/2020,11852
500000,58,177,Apartamento,760031,5,2,Si,31/01/2020,2978
510000,30,64,Casa,760036,2,3,No,21/02/2020,59961
620000,12,43,Lote,760034,5,1,No,12/03/2020,40000
610000,30,134,Casa,760035,4,1,Si,14/03/2020,5600
800000,36,91,Apartamento,760031,5,1,Si,15/03/2020,7125
990000,39,137,Apartamento,760034,1,1,Si,16/03/2020,23000
610000,23,106,Edificio,760030,2,3,Si,16/03/2020,30775
1470000,47,106,Casa,760030,2,2,Si,17/03/2020,120600
380000,6,155,Apartamento,760034,5,2,Si,17/03/2020,47995
1170000,22,82,Garaje,760031,1,3,Si,17/03/2020,80000
740000,23,169,Apartamento,760035,2,3,Si,18/03/2020,68000
1010000,41,108,Apartamento,760030,4,3,Si,19/03/2020,40000
850000,9,161,Apartamento,760032,2,3,Si,16/04/2020,12256
4210000,23,74,Casa,760031,2,2,Si,25/09/2019,1000
1580000,56,88,Apartamento,760033,1,3,Si,20/03/2020,19200
910000,7,170,Apartamento,760033,1,3,Si,20/03/2020,179061
4270000,34,73,Casa,760032,3,2,Si,23/03/2020,29100
5000000,24,37,Garaje,760036,2,3,No,25/03/2020,4100
8400000,44,122,Deposito,760034,3,2,Si,16/04/2020,3500
160000,58,41,Local Comercial,760033,5,2,No,24/02/2020,102000
160000,9,166,Local Comercial,760030,5,3,Si,24/02/2020,54000
160000,26,128,Local Comercial,760033,1,3,Si,25/02/2020,120000
4790000,34,139,Apartamento,760030,3,2,Si,25/02/2020,90000
1790000,9,175,Apartamento,760032,1,1,Si,27/02/2020,18094
1210000,24,97,Garaje,760035,2,3,Si,2/03/2020,62500
4410000,18,79,Garaje,760035,3,3,Si,10/03/2020,27085
580000,25,172,Casa Lote,760031,3,1,Si,11/03/2020,566800
160000,33,173,Local Comercial,760033,5,1,Si,11/03/2020,157000
430000,58,57,Local Comercial,760033,2,1,No,3/02/2020,28880
220000,11,152,Local Comercial,760036,5,1,Si,4/02/2020,3553
160000,28,66,Local Comercial,760030,3,2,No,9/04/2020,20274
3590000,10,136,Garaje,760030,2,2,Si,5/02/2020,4977
160000,32,86,Local Comercial,760032,4,1,Si,24/01/2019,87847
26590000,5,95,Lote,760031,2,2,Si,6/02/2020,7000
300000,19,142,Local Comercial,760035,3,3,Si,7/02/2020,6080
490000,58,146,Local Comercial,760036,3,2,Si,9/02/2020,7856
6350000,40,97,Apartamento,760030,5,3,Si,10/02/2020,164300
1030000,60,88,Garaje,760033,1,1,Si,11/02/2020,9070
160000,15,84,Local Comercial,760035,4,2,Si,12/02/2020,90180
1150000,9,126,Casa,760033,4,2,Si,13/02/2020,14000
480000,52,65,Finca,760033,2,2,No,13/02/2020,62400
1550000,60,31,Apartamento,760033,5,3,No,13/02/2020,22807
4200000,32,67,Oficina,760033,1,2,No,14/02/2020,76200
560000,17,159,Local Comercial,760031,4,3,Si,1/02/2020,303636
3190000,52,43,Casa,760035,5,3,No,18/02/2020,126000
160000,24,116,Local Comercial,760030,3,2,Si,19/02/2020,48900
1530000,34,166,Lote,760035,1,3,Si,19/02/2020,15000
200000,39,125,Local Comercial,760034,1,3,Si,14/01/2020,14394
1270000,46,84,Garaje,760044,1,2,Si,20/02/2020,79086
4070000,21,64,Apartamento,760043,5,3,No,15/01/2020,56000
5800000,4,84,Casa,760046,1,2,Si,13/09/2018,280800
2220000,59,107,Apartamento,760041,2,1,Si,16/01/2020,32000
550000,32,93,Local Comercial,760041,5,1,Si,16/01/2020,5600
1600000,47,150,Apartamento,760044,5,3,Si,15/01/2020,46648
160000,44,93,Local Comercial,760040,4,1,Si,18/01/2020,825000
1320000,7,32,Casa,760045,5,1,No,20/01/2020,32000
1500000,46,49,Casa,760046,2,2,No,6/12/2019,50400
400000,49,145,Local Comercial,760044,1,2,Si,17/01/2020,1800
1480000,21,128,Casa Lote,760046,2,1,Si,3/01/2020,6000
160000,51,35,Local Comercial,760044,1,2,No,6/01/2020,23750
5290000,36,52,Apartamento,760042,1,1,No,5/02/2020,3900
460000,35,79,Local Comercial,760046,1,1,Si,13/01/2020,5747
280000,25,136,Local Comercial,760042,3,3,Si,7/02/2020,3600
1660000,55,99,Apartamento,760040,3,1,Si,14/01/2020,4800
180000,10,139,Casa,760043,3,3,Si,26/09/2019,3600
950000,46,75,Consultorio,760040,1,2,Si,5/10/2018,5120
630000,39,132,Apartamento,760042,5,1,Si,12/04/2019,3300
640000,8,52,Casa,760046,5,1,No,6/02/2020,3781
4280000,27,161,Casa,760040,5,2,Si,18/11/2019,5837
2920000,10,150,Apartamento,760043,4,3,Si,20/11/2019,1950
160000,60,57,Local Comercial,760043,5,1,No,26/11/2019,10000
210000,23,168,Casa,760045,1,2,Si,30/12/2019,31000
1400000,31,54,Apartamento,760050,4,3,No,2/12/2019,11835
2560000,10,137,Casa,760050,5,3,Si,4/12/2019,64000
560000,45,162,Casa,760050,2,2,Si,5/12/2019,156419
1790000,28,41,Garaje,760050,4,2,No,10/12/2019,6000
260000,26,113,Local Comercial,660007,2,3,Si,12/12/2019,16200
7090000,37,134,Deposito,660006,2,2,Si,30/01/2020,22515
1540000,8,30,Apartamento,660004,5,3,No,24/03/2020,24784
5070000,47,113,Finca,660005,4,3,Si,20/12/2019,46400
160000,23,163,Local Comercial,660004,4,2,Si,3/03/2020,70000
1510000,14,155,Local Comercial,660006,4,1,Si,5/03/2020,20081
390000,36,92,Local Comercial,660003,5,3,Si,30/01/2020,5600
4640000,57,78,Casa,660004,5,3,Si,21/01/2020,1700
7090000,60,91,Garaje,660007,5,3,Si,22/01/2020,10000
480000,33,84,Local Comercial,660003,2,2,Si,29/01/2020,12500
300000,10,50,Local Comercial,660005,3,3,No,30/01/2020,6200
1160000,49,157,Apartamento,660007,3,1,Si,31/01/2020,1750
6280000,54,134,Edificio,660003,1,2,Si,4/02/2020,3500
1050000,8,78,Casa,660006,1,3,Si,10/02/2020,12000
3590000,27,68,Apartamento,660005,5,3,No,18/02/2020,100000
160000,22,151,Local Comercial,660005,4,2,Si,28/02/2020,10200
4070000,39,65,Garaje,660009,5,3,No,4/03/2020,6600
27380000,8,106,Edificio,660008,1,3,Si,9/03/2020,9600
4130000,36,166,Apartamento,660006,5,2,Si,10/03/2020,2000
7090000,16,179,Deposito,660007,2,1,Si,10/03/2020,10000
480000,16,49,Local Comercial,660008,1,3,No,10/03/2020,48000
1000000,31,139,Oficina,660005,4,2,Si,18/03/2020,3100
1660000,16,124,Garaje,660007,2,2,Si,9/04/2020,28000
2570000,41,138,Apartamento,660009,3,3,Si,13/04/2020,4000
1250000,30,135,Local Comercial,660017,5,1,Si,22/04/2020,7577
160000,27,76,Local Comercial,660017,1,3,Si,22/04/2020,14400
160000,21,107,Local Comercial,660017,1,1,Si,10/01/2019,5495
1450000,49,124,Apartamento,500002,1,2,Si,6/03/2020,13000
5560000,46,51,Apartamento,500003,4,2,No,6/03/2020,11900
1010000,32,125,Casa,500006,2,2,Si,9/03/2020,2500
1730000,59,142,Casa,500004,2,1,Si,7/04/2020,7500
980000,49,109,Apartamento,500009,2,2,Si,12/03/2020,10000
6010000,27,40,Casa,500008,5,2,No,15/03/2020,4500
1210000,39,36,Apartamento,500004,5,1,No,18/03/2020,1650
220000,36,137,Local Comercial,500009,1,1,Si,24/03/2020,4500
1660000,11,31,Garaje,500004,2,3,No,25/03/2020,11000
1820000,14,37,Oficina,500008,5,2,No,26/03/2020,27400
2700000,60,68,Apartamento,500006,5,2,No,26/03/2020,5000
610000,57,64,Apartamento,500008,1,3,No,27/03/2020,4800
840000,40,169,Apartamento,500001,5,2,Si,30/03/2020,8000
380000,38,118,Local Comercial,500005,5,3,Si,31/03/2020,11100
130000,10,174,Lote,500005,1,1,Si,31/03/2020,10500
61250000,23,104,Local Comercial,500009,1,1,Si,3/04/2020,21500
1610000,27,117,Apartamento,500006,1,2,Si,6/04/2020,20825
130000,49,143,Lote,500005,1,2,Si,8/04/2020,6000
390000,32,37,Local Comercial,500008,4,2,No,9/04/2020,3300
800000,35,110,Casa,500009,2,2,Si,10/04/2020,5000
1380000,43,50,Local Comercial,500008,3,2,No,13/04/2020,37000
4300000,20,96,Apartamento,500008,4,2,Si,31/01/2019,8000
2300000,56,48,Garaje,500009,1,3,No,23/12/2019,6000
730000,55,83,Casa,500002,5,1,Si,31/12/2019,26780
6350000,22,166,Garaje,50021,3,3,Si,15/09/2017,58000
710000,39,117,Apartamento,50016,1,1,Si,31/12/2019,32000
1390000,35,135,Casa,50011,5,2,Si,10/01/2020,12000
4130000,55,108,Deposito,50016,3,2,Si,4/06/2019,3000
800000,12,92,Casa,50018,3,3,Si,5/02/2020,32188
5300000,33,53,Casa,50005,3,3,No,6/02/2020,5000
4130000,22,38,Garaje,50017,5,3,No,10/02/2020,1282
2120000,12,35,Casa,50004,1,3,No,8/02/2020,65800
1820000,39,87,Oficina,50001,1,1,Si,17/02/2020,8000
1090000,58,117,Apartamento,50018,4,3,Si,17/02/2020,4000
600000,51,164,Apartamento,50004,5,1,Si,18/02/2020,1660
1140000,52,83,Apartamento,50048,4,3,Si,25/02/2020,2750
1160000,39,90,Apartamento,50010,3,1,Si,21/04/2020,14000
610000,58,48,Apartamento,50005,5,3,No,27/02/2020,10116
390000,20,81,Local Comercial,50026,3,1,Si,28/02/2020,5850
2640000,39,155,Apartamento,50023,2,2,Si,28/02/2020,13440
2090000,27,148,Garaje,50038,3,2,Si,4/03/2020,22000
1510000,57,53,Apartamento,50020,1,1,No,10/03/2020,35000
1010000,48,106,Oficina,50018,1,2,Si,11/03/2020,15000
1830000,9,109,Apartamento,50028,4,1,Si,13/03/2020,13300
580000,40,119,Casa,50039,4,3,Si,18/03/2020,85000
4070000,28,35,Garaje,50016,1,3,No,25/03/2020,5000
560000,59,108,Local Comercial,50014,1,3,Si,25/03/2020,5040
160000,48,80,Local Comercial,50031,4,2,Si,12/01/2020,14884
160000,27,139,Local Comercial,50001,4,2,Si,13/09/2018,35000
330000,49,110,Local Comercial,50009,3,2,Si,21/01/2020,2645
6350000,48,80,Garaje,50044,2,1,Si,22/01/2020,90000
160000,25,130,Local Comercial,50027,1,3,Si,22/01/2020,54552
1450000,12,59,Garaje,50035,4,1,No,27/01/2020,158874
2540000,53,137,Edificacion Para Hotel - Motel,50043,1,1,Si,29/01/2020,500000
5650000,27,90,Apartamento,50018,3,3,Si,22/08/2019,25000
3720000,54,130,Apartamento,50013,3,2,Si,22/08/2019,5400
700000,31,61,Apartamento,50009,2,3,No,27/08/2019,5000
430000,40,173,Apartamento,50046,1,1,Si,29/08/2019,8252
7090000,49,118,Deposito,50004,3,1,Si,4/09/2019,2400
200000,35,105,Local Comercial,50045,1,3,Si,10/09/2019,7600
610000,50,86,Apartamento,50014,4,1,Si,23/09/2019,2200
1250000,48,111,Lote Con Construccion,50038,2,2,Si,8/10/2019,18000
1820000,5,51,Oficina,50009,2,1,No,17/10/2019,13040
540000,25,137,Local Comercial,50023,5,3,Si,21/10/2019,4000
160000,53,128,Local Comercial,50040,1,3,Si,23/10/2019,84000
480000,57,76,Local Comercial,50008,1,3,Si,24/10/2019,15900
610000,47,126,Apartamento,50012,4,3,Si,29/10/2019,18000
710000,5,151,Apartamento,50012,5,1,Si,5/11/2019,4600
1400000,23,84,Garaje,50021,3,3,Si,31/10/2019,50000
12120000,26,162,Lote,50034,2,1,Si,4/11/2019,3013
160000,19,110,Local Comercial,50032,1,2,Si,14/11/2019,9800
430000,48,85,Local Comercial,50034,3,2,Si,7/11/2019,20000
12120000,12,162,Lote Con Construccion,50021,3,3,Si,11/11/2019,6200
1530000,24,151,Local Comercial,50033,4,3,Si,15/11/2019,78000
810000,31,167,Apartamento,50005,1,2,Si,16/11/2019,22320
310000,12,168,Local Comercial,50025,2,1,Si,18/11/2019,31448
370000,10,170,Lote,50016,5,1,Si,18/09/2018,25676
5700000,43,118,Casa Lote,50037,5,2,Si,21/08/2019,10000
160000,47,141,Local Comercial,50023,1,2,Si,19/04/2019,2400
1100000,26,49,Oficina,50011,3,3,No,19/04/2019,9649
3880000,34,68,Apartamento,50022,4,2,No,25/04/2019,1400
390000,37,121,Casa,50022,3,2,Si,25/04/2019,7200
610000,24,78,Apartamento,50010,5,3,Si,1/05/2019,3198
2180000,13,169,Garaje,50006,5,1,Si,4/06/2019,2200
1480000,20,143,Apartamento,50013,3,2,Si,8/03/2018,24554
160000,20,146,Local Comercial,50016,1,3,Si,6/03/2019,2755
960000,50,76,Oficina,50037,2,3,Si,3/01/2020,30000
1160000,4,33,Apartamento,50035,2,1,No,24/10/2019,26000
3580000,33,68,Casa,50038,3,3,No,17/12/2019,8500
590000,28,130,Local Comercial,50001,3,2,Si,29/05/2019,8000
390000,30,103,Local Comercial,50001,1,1,Si,24/07/2019,13234
1320000,59,64,Apartamento,50046,3,1,No,11/06/2019,9000
2300000,24,43,Garaje,50014,4,2,No,20/08/2019,36000
470000,30,143,Local Comercial,50045,3,1,Si,20/06/2019,2250
550000,32,83,Local Comercial,50028,4,1,Si,24/06/2019,4800
270000,54,106,Casa,50022,1,3,Si,10/07/2019,2000
7920000,5,87,Casa,50005,5,2,Si,23/07/2019,6300
1500000,50,85,Apartamento,50011,5,3,Si,26/07/2019,2400
2000000,55,73,Apartamento,50030,4,3,Si,1/08/2019,5160
1660000,8,53,Apartamento,50012,1,1,No,4/02/2020,1800
3790000,44,111,Apartamento,50016,1,1,Si,7/02/2020,5400
1510000,37,114,Local Comercial,50013,1,3,Si,4/05/2017,2500
1300000,28,124,Apartamento,50046,5,1,Si,4/10/2019,20158
500000,8,147,Local Comercial,50047,2,2,Si,8/08/2019,3300
160000,49,39,Local Comercial,50007,5,2,No,14/02/2020,10000
6500000,21,151,Apartamento,50011,3,2,Si,30/01/2019,10000
800000,53,158,Casa,50018,2,3,Si,29/04/2019,133500
310000,59,44,Local Comercial,50038,1,2,No,7/02/2019,6500
4130000,56,71,Garaje,50020,3,1,Si,19/02/2019,4792
160000,43,42,Local Comercial,50047,4,3,No,8/02/2019,80000
22810000,15,135,Casa,50015,4,3,Si,21/02/2019,25000
900000,42,106,Garaje,50007,2,2,Si,26/02/2019,19200
850000,33,53,Apartamento,50005,2,2,No,4/03/2019,19300
1270000,12,100,Apartamento,50004,2,1,Si,28/02/2020,16610
3550000,21,53,Apartamento,50019,2,3,No,24/07/2019,4000
1170000,46,115,Apartamento,50038,4,3,Si,16/10/2019,9100
2270000,29,167,Casa,50010,3,3,Si,16/10/2019,3500
290000,22,79,Local Comercial,50030,1,3,Si,20/12/2019,80200
1040000,30,61,Apartamento,50011,2,2,No,9/08/2017,2300
4410000,13,79,Garaje,50017,1,2,Si,17/01/2020,6275
660000,59,145,Casa,50047,1,3,Si,17/01/2018,35800
1160000,20,47,Apartamento,50010,4,2,No,16/09/2018,16600
41400000,47,177,Edificacion Para Hotel - Motel,50045,4,3,Si,31/01/2018,10500
160000,31,52,Local Comercial,50040,1,1,No,13/02/2018,4660
160000,21,53,Local Comercial,50012,2,3,No,11/01/2019,77980
160000,35,175,Local Comercial,50027,1,3,Si,6/03/2018,4700
160000,52,32,Local Comercial,50003,4,3,No,25/10/2019,125000
710000,59,163,Apartamento,50021,2,2,Si,28/03/2019,12960
700000,39,34,Casa,50012,5,1,No,3/04/2018,29000
2620000,31,39,Garaje,50006,4,3,No,5/04/2018,15000
2620000,18,39,Garaje,50009,2,2,No,13/04/2018,7000
480000,27,59,Local Comercial,50005,1,2,No,4/05/2018,33990
560000,33,80,Local Comercial,50023,2,2,Si,29/05/2018,4400
6790000,40,42,Bodega,50019,5,3,No,20/06/2018,3578
3550000,41,109,Casa,50046,4,1,Si,20/06/2018,164740
390000,22,135,Oficina,50020,5,3,Si,11/02/2020,11000
230000,59,134,Oficina,50040,1,1,Si,25/07/2018,27768
230000,38,102,Oficina,50045,5,2,Si,27/07/2018,19950
160000,40,177,Local Comercial,50008,2,2,Si,2/08/2018,28500
2300000,60,174,Local Comercial,50037,2,1,Si,30/03/2020,15000
350000,29,66,Local Comercial,50003,1,3,No,14/09/2018,33283
350000,40,88,Local Comercial,50003,3,3,Si,17/09/2018,40000
690000,42,139,Local Comercial,50003,1,1,Si,17/09/2018,8240
5250000,10,147,Apartamento,50003,3,1,Si,7/04/2020,5000
37360000,6,41,Local Comercial,50005,5,2,No,15/11/2019,6240
758000,31,136,Apartamento,50032,4,1,Si,7/10/2019,10800
2280000,15,126,Casa,50029,4,3,Si,10/08/2017,26299
1140000,52,169,Apartamento,50040,4,1,Si,15/01/2020,50250
880000,24,162,Local Comercial,50012,2,2,Si,15/04/2019,40000
2290000,25,68,Local Comercial,50004,5,1,No,13/03/2019,10006
1480000,10,123,Garaje,50007,4,2,Si,24/10/2018,11472
500000,23,47,Local Comercial,50029,1,1,No,24/08/2017,17586
2092679,58,109,Finca,50046,4,1,Si,9/10/2019,7500
4470000,11,82,Lote,50044,3,3,Si,12/02/2019,9500
340000,39,66,Local Comercial,50021,1,2,No,6/02/2014,15000
4100000,35,114,Casa Lote,50043,4,3,Si,19/09/2017,22159
2380000,31,64,Local Comercial,50037,5,3,No,14/04/2020,10000
670000,36,87,Local Comercial,50007,1,3,Si,12/04/2020,2400
410000,9,161,Local Comercial,50045,4,3,Si,4/10/2017,5600
2200000,17,110,Lote,50035,4,2,Si,5/05/2016,109857
400000,46,49,Local Comercial,50042,2,1,No,2/05/2017,10000
1820000,54,129,Oficina,50001,2,2,Si,7/04/2020,101500
290000,35,110,Lote,50041,1,1,Si,30/10/2017,70487
600000,52,146,Oficina,50006,1,2,Si,9/11/2017,2500
550000,40,140,Habitacion hotel,50038,2,3,Si,23/01/2020,4950
12990000,13,119,Edificio,50039,3,2,Si,7/12/2017,22300
3020000,36,87,Bodega,50026,3,2,Si,1/11/2017,4672
870000,10,136,Local Comercial,50036,5,1,Si,12/01/2011,8000
470000,12,88,Garaje,50032,2,3,Si,16/10/2013,1275
220000,29,59,Local Comercial,50005,3,3,No,6/09/2011,24016
4780000,41,150,Apartamento,50034,1,3,Si,15/04/2020,17780
370000,13,124,Local Comercial,50028,1,1,Si,22/11/2019,5235
660000,32,140,Local Comercial,50023,2,3,Si,29/11/2018,12120
5000000,38,180,Deposito,50042,1,1,Si,21/03/2018,20000
640000,31,107,Apartamento,50003,1,1,Si,25/06/2018,1600
450000,49,75,Local Comercial,50041,1,1,Si,11/03/2020,9452
13370000,27,52,Bodega,50042,4,1,No,9/03/2020,4100
490000,50,53,Oficina,50045,2,2,No,31/03/2020,3750
1180000,49,81,Apartamento,50038,4,3,Si,18/02/2020,4990
430000,36,63,Local Comercial,50003,4,2,No,24/01/2013,9958
580000,24,111,Casa Lote,50047,1,1,Si,17/02/2020,1633
620000,56,48,Oficina,50039,1,1,No,12/04/2017,5570
870000,46,52,Local Comercial,50016,5,2,No,25/07/2017,2000
906000,27,122,Apartamento,50038,1,1,Si,15/04/2020,7500
830000,28,173,Casa,50017,1,3,Si,5/06/2017,47013
420000,36,95,Local Comercial,50036,3,1,Si,9/04/2019,17800
270000,23,30,Local Comercial,50048,5,2,No,24/07/2018,5000
530000,31,175,Local Comercial,50004,5,2,Si,11/03/2020,106000
8680000,13,101,Casa,50001,5,1,Si,22/06/2010,16500
160000,33,92,Local Comercial,50008,3,3,Si,31/05/2019,30000
700000,24,53,Local Comercial,50024,5,2,No,23/08/2017,51015
130000,29,140,Local Comercial,110719,4,1,Si,18/03/2019,18000
1530000,59,66,Local Comercial,110721,3,1,No,1/10/2019,22537
1810000,11,102,Local Comercial,110730,2,1,Si,9/03/2020,160000
480000,59,98,Local Comercial,110732,1,3,Si,28/05/2019,4315
2090000,7,74,Casa,110717,1,3,Si,12/03/2020,315000
7220000,37,103,Lote,110721,1,2,Si,11/09/2019,4050
580000,9,158,Apartamento,110718,4,1,Si,9/09/2019,140000
1160000,10,178,Lote,110716,5,2,Si,11/09/2019,400000
6170000,42,48,Casa,110718,3,3,No,16/09/2019,59000
140000,45,84,Lote,110711,3,2,Si,16/09/2019,10612
333626,7,129,Local Comercial,110719,1,1,Si,18/09/2019,10000
128834,58,88,Finca,110736,1,1,Si,6/01/2020,4000
320000,15,35,Local Comercial,110715,4,1,No,1/10/2019,3000
440000,48,74,Local Comercial,110728,3,3,Si,3/10/2019,5200
2730000,52,44,Apartamento,110728,3,1,No,4/10/2019,50000
3400000,43,72,Lote,110728,3,2,Si,4/11/2019,53000
700000,57,170,Casa,110711,3,3,Si,4/11/2019,13050
80000,35,32,Finca,110739,4,3,No,22/03/2020,8000
37360000,52,71,Local Comercial,110724,1,2,Si,11/11/2019,30000
590000,50,152,Casa,110714,5,1,Si,2/08/2019,33000
480000,16,153,Finca,110721,4,3,Si,12/03/2017,20000
1920000,54,76,Lote,110740,5,1,Si,27/06/2017,175000
41400000,44,133,Edificacion Para Hotel - Motel,110737,4,3,Si,29/09/2017,9000
620000,47,169,Local Comercial,110737,3,3,Si,18/05/2018,3326
1930000,38,89,Garaje,110731,4,3,Si,20/04/2020,32000
1280000,22,65,Apartamento,110725,3,3,No,3/12/2018,46750
1250000,54,34,Oficina,110712,5,3,No,17/01/2019,20440
11690000,23,135,Local Comercial,110731,4,2,Si,23/01/2019,53704
700000,38,97,Local Comercial,110715,2,3,Si,10/04/2019,600
4090000,15,152,Casa,110732,3,1,Si,16/04/2019,25590
2850000,22,68,Casa,110726,1,3,No,31/05/2019,10700
190000,47,127,Local Comercial,110732,3,1,Si,1/07/2019,15000
620000,53,55,Apartamento,110718,5,2,No,27/08/2019,67500
1080000,10,180,Lote,110740,4,2,Si,28/08/2019,20074
71050000,33,62,Lote Con Construccion,110720,3,2,No,9/10/2019,700
272134,14,60,Local Comercial,110717,5,3,No,6/11/2019,25000
4881883,13,80,Lote,110711,5,3,Si,10/01/2020,90000
1090000,56,136,Casa,110725,3,3,Si,7/01/2020,48828
1740000,41,69,Local Comercial,110713,4,3,No,13/02/2020,32268
340000,44,112,Local Comercial,110737,5,1,Si,20/02/2020,25000
1870000,49,66,Apartamento,110861,3,3,No,4/03/2020,10000
610000,57,65,Apartamento,110812,2,1,No,12/03/2020,27800
7090000,8,115,Deposito,110859,4,3,Si,15/04/2020,24000
510000,53,102,Oficina,110855,1,2,Si,13/11/2019,18000
272134,53,161,Local Comercial,110825,4,2,Si,15/11/2019,10000
470000,43,107,Casa,110835,2,3,Si,18/11/2019,5000
510000,53,71,Oficina,110834,3,2,Si,25/11/2019,9000
4370000,27,73,Casa,110826,4,2,Si,25/11/2019,1200
4200000,8,108,Apartamento,110813,1,1,Si,9/12/2019,60776
272134,54,138,Oficina,110860,5,1,Si,8/01/2020,3200
2240000,15,46,Apartamento,110833,1,3,No,13/01/2020,156000
680000,29,147,Apartamento,110834,4,1,Si,17/12/2018,39658
350000,30,177,Local Comercial,110841,5,2,Si,8/01/2020,64720
3600000,11,155,Garaje,110817,1,1,Si,7/01/2019,9600
550000,33,178,Apartamento,110867,4,2,Si,12/03/2020,10000
340000,18,108,Local Comercial,110845,5,2,Si,31/08/2015,20000
1380000,46,85,Oficina,110835,3,3,Si,16/05/2019,712860
31900000,22,159,Lote,110815,2,2,Si,21/05/2019,100000
1700000,10,75,Apartamento,110817,2,3,Si,4/06/2019,15000
460000,39,30,Local Comercial,110829,1,2,No,4/12/2019,14000
310000,30,112,Local Comercial,110876,4,1,Si,24/10/2019,7000
3000000,56,83,Garaje,110857,4,1,Si,11/07/2019,78000
160000,58,154,Local Comercial,110821,1,3,Si,12/07/2019,18000
3000000,22,72,Garaje,110841,4,2,Si,17/07/2019,30000
690000,60,80,Oficina,110853,3,3,Si,17/07/2019,21303
1180000,35,178,Apartamento,110873,2,2,Si,22/07/2019,20000
272134,19,84,Local Comercial,110863,1,1,Si,29/07/2019,10000
440000,45,48,Local Comercial,110881,2,3,No,30/07/2019,24411
850000,37,64,Apartamento,110874,5,3,No,12/08/2019,23300
2020000,57,142,Oficina,110812,4,2,Si,13/08/2019,44000
410000,55,95,Local Comercial,110876,3,1,Si,16/08/2019,15420
1200000,55,150,Apartamento,110872,4,3,Si,22/08/2019,7700
2870000,31,180,Lote,110816,3,3,Si,27/08/2019,29000
160000,55,156,Local Comercial,110865,4,2,Si,12/04/2017,108000
2140000,49,122,Local Comercial,110867,3,2,Si,19/09/2018,37875
410000,44,167,Casa,110851,1,1,Si,12/06/2017,116520
3400000,31,88,Casa,110861,2,2,Si,26/09/2019,17265
37360000,34,146,Local Comercial,110816,2,1,Si,17/03/2020,10000
420000,58,150,Local Comercial,110827,2,3,Si,23/02/2017,31909
1430000,36,70,Local Comercial,110840,1,3,Si,22/05/2019,2582
2640000,8,92,Finca,110838,4,3,Si,23/08/2018,51000
410000,26,129,Deposito,110859,3,3,Si,11/10/2017,15000
2300000,35,112,Local Comercial,110830,5,3,Si,8/08/2014,9053
1080000,22,71,Local Comercial,110823,1,1,Si,3/05/2018,10500
3240000,25,161,Local Comercial,110861,2,3,Si,27/03/2020,7000
480000,9,144,Apartamento,110871,3,2,Si,10/10/2018,3368
1560000,11,68,Apartamento,110879,3,2,No,11/04/2018,26464
2300000,17,45,Local Comercial,110861,5,2,No,4/02/2019,560000
7390000,35,83,Local Comercial,110862,5,3,Si,3/12/2019,49600
26230000,44,95,Lote,110861,3,2,Si,10/07/2018,3985
750000,31,65,Local Comercial,110868,1,2,No,27/07/2018,50197
1840000,18,66,Apartamento,110878,3,3,No,30/08/2018,42000
570000,36,180,Apartamento,110880,5,3,Si,17/10/2018,55000
1160000,22,164,Apartamento,110817,4,1,Si,22/10/2018,44800
480000,42,136,Finca,110865,5,3,Si,3/01/2019,90000
1910000,44,79,Garaje,110855,5,2,Si,6/11/2018,63168
9060000,19,158,Casa,110837,5,1,Si,29/12/2017,95100
540000,47,113,Oficina,110834,4,3,Si,26/03/2020,20385
440000,37,95,Local Comercial,110881,2,2,Si,1/10/2015,31000
3290000,45,32,Local Comercial,110812,5,1,No,5/11/2018,21000
1240000,8,68,Local Comercial,110821,2,1,No,18/05/2016,61800
1500000,18,178,Apartamento,110845,4,1,Si,3/12/2019,2500
260000,22,142,Local Comercial,110858,5,1,Si,18/01/2017,90740
3400000,35,44,Finca,110829,2,3,No,12/06/2012,101550
2730000,38,109,Garaje,110863,4,1,Si,1/03/2017,18000
1950000,24,94,Casa,110847,5,1,Si,15/12/2015,8000
3630000,38,127,Lote,110812,1,1,Si,8/10/2019,305423
450000,13,175,Local Comercial,110862,5,2,Si,12/03/2020,12000
65000,20,106,Local Comercial,110874,2,1,Si,17/03/2020,10000
2630000,30,49,Apartamento,110859,1,2,No,17/03/2020,32800
272134,19,107,Local Comercial,110842,1,1,Si,18/03/2020,12500
440000,44,151,Oficina,110878,4,3,Si,1/04/2020,12273
1260000,34,108,Local Comercial,110850,3,3,Si,2/04/2020,12000
3690000,16,110,Casa,110880,3,1,Si,3/04/2020,30000
3600000,29,127,Garaje,110865,2,3,Si,6/04/2020,102143
150000,35,93,Garaje,110835,2,2,Si,7/04/2020,80000
1050000,15,52,Finca,110839,3,2,No,11/04/2020,14062
5330000,56,175,Lote,110856,1,3,Si,13/04/2020,67578
1210000,43,90,Local Comercial,110854,5,3,Si,20/04/2020,1300000
530000,37,85,Local Comercial,110838,4,2,Si,22/04/2020,22010
430000,13,97,Local Comercial,110836,3,3,Si,22/04/2020,49000
400000,53,129,Local Comercial,110834,1,2,Si,30/03/2017,55000
2380000,36,157,Local Comercial,110872,2,3,Si,22/10/2018,103541
1685000,51,112,Casa,110811,3,2,Si,6/03/2019,72000
2300000,24,167,Local Comercial,110868,1,3,Si,8/07/2019,196540
272134,43,174,Local Comercial,110811,3,2,Si,19/09/2019,117568
119000,4,172,Bodega,110821,1,1,Si,2/10/2019,145800
6900000,16,39,Casa,110871,3,1,No,9/03/2020,4600
900000,50,158,Oficina,540007,1,3,Si,3/04/2020,30457
340000,21,126,Local Comercial,540004,5,2,Si,21/10/2019,100000
660000,58,176,Local Comercial,540003,2,1,Si,21/10/2019,89492
10220000,53,33,Bodega,540006,5,2,No,10/12/2018,39000
3650000,48,83,Local Comercial,540001,3,2,Si,8/11/2019,33000
760000,6,143,Local Comercial,540002,1,2,Si,8/11/2019,100000
400000,24,154,Local Comercial,540004,5,3,Si,19/11/2019,76256
530000,45,64,Local Comercial,540007,2,1,No,22/11/2019,2400
900000,17,132,Local Comercial,540002,3,2,Si,10/12/2019,320427
610000,59,179,Oficina,540005,1,3,Si,2/01/2020,115500
390000,57,90,Local Comercial,540001,4,1,Si,8/01/2020,28200
430000,14,171,Local Comercial,540006,2,2,Si,25/01/2020,93473
3120000,14,55,Local Comercial,540004,1,2,No,30/01/2020,2442
37360000,45,93,Local Comercial,540003,1,1,Si,5/02/2020,66000
1050000,23,46,Lote,540008,1,2,No,3/12/2019,35550
1800000,45,95,Oficina,540006,2,1,Si,27/02/2020,8000
1530000,36,76,Local Comercial,540005,5,1,Si,5/03/2020,39000
4790000,28,85,Garaje,540002,5,3,Si,22/03/2019,165062
1160000,51,116,Apartamento,540003,4,1,Si,2/04/2019,39500
270000,53,154,Lote,540007,5,2,Si,22/04/2019,182000
1410000,53,138,Casa,540002,5,2,Si,22/04/2019,176000
3600000,10,150,Garaje,540006,1,2,Si,3/02/2020,250238
750000,5,115,Oficina,540008,2,3,Si,7/05/2019,7568
430000,18,60,Local Comercial,540001,2,3,No,17/05/2019,12000
119000,18,141,Apartamento,540001,5,2,Si,21/05/2019,2500
1750000,45,42,Oficina,540002,1,2,No,3/06/2019,13171
1300000,35,138,Casa,540006,4,3,Si,6/06/2019,150000
450000,6,52,Local Comercial,540007,4,2,No,24/06/2019,150000
272134,47,168,Local Comercial,540010,3,2,Si,25/06/2019,2100
830000,26,151,Local Comercial,540010,2,1,Si,9/07/2019,40069
272134,44,109,Local Comercial,540010,5,1,Si,8/08/2019,800
7350000,33,113,Casa,540011,3,1,Si,8/08/2019,1500
980000,11,71,Local Comercial,540011,4,1,Si,10/09/2019,35500
420000,30,176,Local Comercial,540011,5,2,Si,12/09/2019,7750
2990000,25,132,Casa,130006,2,3,Si,12/09/2019,40836
1800000,42,31,Oficina,130006,4,3,No,31/03/2020,10000
1480000,48,52,Apartamento,130001,1,3,No,1/10/2019,30854
480000,18,37,Local Comercial,130003,2,2,No,15/03/2017,20000
310000,54,124,Casa,130004,5,1,Si,26/09/2017,4000
890000,34,175,Apartamento,130007,3,1,Si,7/01/2020,10500
5620000,5,118,Casa,130005,1,1,Si,7/05/2019,7000
2216342,51,73,Finca,130004,1,1,Si,17/03/2020,30015
272134,21,101,Oficina,130006,4,2,Si,10/04/2018,2000
760000,14,46,Oficina,130003,5,2,No,19/04/2018,3750
2300000,25,171,Local Comercial,130006,3,2,Si,2/07/2019,40000
3650000,11,127,Local Comercial,130003,5,3,Si,20/06/2019,14000
80000,36,66,Finca,130003,3,2,No,16/03/2020,1750
680000,12,132,Local Comercial,130003,5,2,Si,17/05/2019,3200
460000,21,33,Local Comercial,130009,5,3,No,22/10/2018,6500
450000,22,95,Local Comercial,130003,3,1,Si,25/10/2018,2880
1220000,8,159,Apartamento,130005,3,1,Si,27/11/2018,8900
1050000,50,133,Deposito,130009,2,1,Si,7/05/2018,3600
980000,23,104,Local Comercial,130001,3,1,Si,6/12/2019,20000
3610000,27,137,Lote Con Construccion,130005,5,3,Si,28/01/2019,7800
3400000,29,123,Lote,130010,5,1,Si,30/05/2019,7000
293500,28,69,Local Comercial,130008,4,1,No,6/03/2019,7500
320000,53,70,Local Comercial,130001,5,3,Si,6/03/2019,1500
1300000,46,160,Apartamento,130007,3,2,Si,3/02/2010,78000
1910000,34,64,Garaje,130002,3,2,No,23/02/2010,6500
6590000,12,114,Local Comercial,130008,5,2,Si,1/08/2012,6000
272134,52,154,Oficina,130010,5,1,Si,6/05/2015,9800
2020000,18,41,Bodega,130010,2,1,No,22/07/2010,26075
420000,33,85,Local Comercial,130010,4,2,Si,28/10/2016,35000
420000,14,123,Local Comercial,130010,5,3,Si,2/02/2015,9100
150000,26,127,Garaje,130009,1,2,Si,4/12/2018,10591
430000,25,129,Local Comercial,130006,4,3,Si,8/02/2017,50000
420000,19,104,Local Comercial,130006,5,1,Si,14/02/2017,8000
2300000,45,79,Local Comercial,130008,1,3,Si,23/02/2017,18000
370000,57,120,Local Comercial,130003,1,3,Si,1/03/2017,1580
1130000,36,92,Local Comercial,130006,2,1,Si,2/02/2017,41400
410000,55,143,Local Comercial,130002,4,1,Si,27/03/2017,12000
8700000,7,137,Lote,130008,2,2,Si,8/12/2017,15000
320000,36,92,Oficina,130002,5,3,Si,10/04/2017,121000
1160000,28,152,Apartamento,130001,1,3,Si,17/04/2017,88405
1160000,27,113,Apartamento,130002,2,3,Si,6/06/2017,146262
240000,38,134,Local Comercial,130002,5,2,Si,23/08/2017,13500
1100000,36,40,Garaje,130010,5,1,No,27/09/2017,145803
500000,28,127,Oficina,130008,4,3,Si,31/01/2019,200000
1950000,6,89,Apartamento,130003,2,1,Si,5/08/2019,4800
500000,39,43,Local Comercial,130010,1,1,No,25/09/2019,5000
640000,38,70,Casa,130006,1,2,Si,25/11/2019,45419
700000,34,66,Apartamento,130006,2,2,No,21/02/2020,73326
1160000,29,119,Apartamento,130003,1,1,Si,20/04/2020,75000
160000,51,169,Local Comercial,130001,3,2,Si,1/02/2018,5000
160000,57,87,Local Comercial,130004,2,2,Si,21/06/2019,28025
160000,42,65,Local Comercial,130008,1,1,No,25/10/2019,60066
340000,47,132,Apartamento,730002,3,2,Si,23/03/2020,43963
350000,51,150,Apartamento,730005,5,3,Si,17/01/2020,10800
330000,4,144,Apartamento,730006,3,1,Si,16/12/2019,10057
160000,34,41,Local Comercial,730008,4,3,No,7/01/2020,121000
340000,56,137,Apartamento,730003,2,2,Si,7/08/2018,11748
500000,13,147,Local Comercial,730001,2,3,Si,23/10/2019,22400
370000,32,91,Apartamento,730002,4,2,Si,10/10/2018,10855
160000,43,107,Local Comercial,730010,3,1,Si,13/02/2020,9000
160000,26,80,Local Comercial,730002,3,1,Si,16/01/2020,11200
160000,31,173,Local Comercial,730004,1,2,Si,19/02/2020,4800
980000,10,107,Apartamento,730004,1,3,Si,29/01/2019,4220
160000,22,103,Local Comercial,730002,1,3,Si,19/02/2019,24000
340000,39,159,Apartamento,730001,4,3,Si,21/03/2019,4000
160000,52,151,Local Comercial,730005,1,2,Si,17/04/2019,4000
2330000,45,104,Apartamento,730008,3,1,Si,25/04/2019,105000
160000,4,114,Local Comercial,730002,3,2,Si,29/04/2019,33000
240000,42,108,Local Comercial,730002,4,3,Si,2/05/2019,22454
500000,9,124,Local Comercial,730008,4,2,Si,6/05/2019,17564
360000,9,37,Apartamento,730002,3,2,No,22/04/2020,240000
480000,4,156,Local Comercial,730001,1,3,Si,6/08/2019,121084
160000,58,61,Local Comercial,730007,1,2,No,9/07/2019,5500
160000,13,157,Local Comercial,730004,5,1,Si,15/05/2009,228547
160000,17,76,Local Comercial,730010,4,3,Si,12/04/2019,73200
160000,25,166,Local Comercial,730008,5,3,Si,16/01/2020,30000
160000,9,63,Local Comercial,730002,5,2,No,6/04/2020,42000
340000,56,50,Apartamento,730010,1,1,No,14/10/2014,4000
160000,27,90,Local Comercial,730002,5,1,Si,29/04/2019,306000
500000,42,91,Local Comercial,730009,4,2,Si,9/05/2019,10000
500000,18,176,Local Comercial,730010,1,3,Si,19/12/2017,22722
500000,5,160,Local Comercial,730010,5,2,Si,31/05/2018,4500
160000,25,119,Local Comercial,730003,5,1,Si,5/06/2018,25600
160000,16,171,Local Comercial,730010,1,2,Si,9/11/2017,6000
160000,25,139,Local Comercial,730008,3,2,Si,13/02/2020,24000
160000,50,32,Local Comercial,730009,5,1,No,6/04/2020,55000
240000,37,150,Local Comercial,730010,5,2,Si,26/11/2019,36200
240000,15,150,Local Comercial,730007,2,3,Si,8/11/2016,14843
160000,17,97,Local Comercial,730001,5,1,Si,23/07/2012,40000
1080000,53,108,Apartamento,730010,1,3,Si,31/08/2017,1800
980000,22,172,Apartamento,730007,1,3,Si,9/06/2016,8600
160000,54,39,Local Comercial,730005,3,3,No,19/06/2019,15000
160000,19,149,Local Comercial,630001,1,2,Si,20/12/2019,10046
160000,15,37,Local Comercial,630001,4,1,No,24/05/2019,221000
1050000,50,175,Casa,630001,1,3,Si,28/02/2019,4000
160000,5,44,Local Comercial,630001,1,2,No,15/07/2019,11965
1020000,46,139,Apartamento,630002,2,2,Si,4/11/2019,3000
1260000,38,62,Apartamento,630002,4,2,No,16/01/2020,1990
340000,55,97,Apartamento,630002,2,2,Si,11/11/2015,6211
1020000,25,108,Apartamento,630002,1,3,Si,10/08/2016,30000
480000,12,116,Local Comercial,630002,5,3,Si,17/05/2017,6200
1980000,33,141,Apartamento,630003,3,2,Si,20/04/2020,23625
480000,20,88,Local Comercial,630003,5,3,Si,4/09/2019,4800
240000,23,159,Local Comercial,630003,1,1,Si,11/06/2018,1950
160000,14,90,Local Comercial,630004,3,2,Si,14/12/2018,1560
610000,58,70,Apartamento,630004,4,3,Si,5/08/2019,1309
340000,21,174,Apartamento,630004,5,1,Si,12/09/2019,18300
350000,33,35,Apartamento,630007,4,3,No,13/09/2019,11000
1260000,10,148,Apartamento,630007,4,2,Si,16/09/2019,33125
1020000,33,123,Apartamento,630008,1,2,Si,11/02/2019,54000
1260000,58,76,Apartamento,630008,4,1,Si,24/09/2019,7000
1020000,11,162,Apartamento,470004,5,2,Si,26/09/2019,12340
1260000,34,160,Apartamento,470005,3,3,Si,27/09/2019,2588
1160000,39,87,Apartamento,470006,2,1,Si,3/10/2019,12843
340000,26,171,Apartamento,470003,1,1,Si,4/10/2019,17048
340000,39,79,Apartamento,470004,4,3,Si,11/10/2019,12837
340000,35,35,Apartamento,470008,3,3,No,14/10/2019,30000
360000,44,111,Apartamento,470005,1,2,Si,16/10/2019,5000
330000,10,129,Apartamento,470007,2,3,Si,17/10/2019,13497
1190000,48,69,Casa,470009,4,3,No,23/10/2019,7346
340000,6,134,Apartamento,470008,4,3,Si,24/10/2019,3000
180000,29,143,Local Comercial,470004,4,1,Si,24/10/2019,3500
240000,36,142,Local Comercial,470006,3,2,Si,28/10/2019,12590
240000,14,91,Local Comercial,470005,5,2,Si,29/10/2019,38000
240000,41,89,Local Comercial,470001,5,2,Si,29/10/2019,75000
240000,60,110,Local Comercial,470003,1,1,Si,29/10/2019,40000
1620000,42,139,Casa,470002,3,3,Si,29/10/2019,40408
620000,34,159,Apartamento,470001,4,2,Si,12/09/2018,94530
5740000,6,68,Casa Recreo,470003,3,3,No,5/02/2020,40200
6370000,56,150,Casa Lote,470004,4,3,Si,8/08/2019,3132
1240000,20,169,Apartamento,470009,2,1,Si,9/08/2019,100000
360000,35,169,Local Comercial,470002,5,3,Si,12/08/2019,2600
500000,44,54,Local Comercial,470003,3,3,No,12/08/2019,8000
1120000,9,173,APARTAMENTO,470006,1,1,Si,13/08/2019,1250
500000,57,60,Local Comercial,470004,4,1,No,14/11/2016,27620
500000,13,62,Local Comercial,110134,3,1,No,14/08/2019,54684
160000,57,122,Local Comercial,110115,5,1,Si,8/12/2019,222681
160000,50,120,Local Comercial,110128,2,2,Si,21/08/2019,90153
160000,51,89,Local Comercial,110230,3,2,Si,23/09/2019,8586
490000,12,128,Local Comercial,110213,4,2,Si,22/08/2019,5500
240000,31,163,Local Comercial,110216,3,2,Si,22/08/2019,147000
480000,6,103,Local Comercial,110213,4,2,Si,23/08/2019,19500
1160000,43,51,Apartamento,110226,4,3,No,7/04/2020,9170
1160000,35,85,Apartamento,110226,5,3,Si,26/08/2019,3975
1980000,31,130,Apartamento,110220,5,3,Si,28/08/2019,128500
160000,42,102,Local Comercial,110227,4,2,Si,29/08/2019,7200
160000,31,42,Local Comercial,110214,1,3,No,29/08/2019,4700
160000,34,85,Local Comercial,110217,4,3,Si,29/08/2019,8845
160000,55,33,Local Comercial,110216,3,2,No,2/12/2019,10800
160000,40,67,Local Comercial,110226,2,3,No,27/02/2020,30000
160000,37,175,Local Comercial,110228,5,2,Si,22/04/2020,5500
160000,55,133,Local Comercial,110217,1,2,Si,10/05/2019,21428
680000,29,132,Apartamento,110221,4,1,Si,6/05/2019,4200
160000,34,133,Local Comercial,110221,4,1,Si,10/05/2019,31095
160000,49,88,Local Comercial,110212,1,1,Si,13/05/2019,62000
160000,59,160,Local Comercial,110230,5,1,Si,14/05/2019,4823
160000,27,158,Local Comercial,110230,4,3,Si,14/05/2019,14300
160000,37,174,Local Comercial,110224,2,1,Si,20/05/2019,37500
160000,60,85,Local Comercial,110228,1,2,Si,16/03/2020,24000
160000,28,121,Local Comercial,50043,4,2,Si,2/01/2020,12000
500000,38,147,Local Comercial,50027,4,1,Si,13/04/2020,25000
500000,22,68,Local Comercial,50020,2,3,No,23/05/2019,2100
500000,60,128,Local Comercial,50047,4,3,Si,3/06/2019,16000
1110000,24,126,Apartamento,50025,4,1,Si,4/06/2019,14744
1500000,6,70,Apartamento,50036,2,1,Si,5/06/2019,53400
2000000,2,129,Garaje,50003,5,2,Si,8/06/2018,28000
4450000,57,147,Apartamento,50027,5,2,Si,20/06/2019,24311
5500000,36,82,Apartamento,50045,2,1,Si,21/06/2019,71263
7180000,55,127,Apartamento,50003,4,3,Si,21/06/2019,175000
7180000,7,164,Garaje,50014,2,3,Si,13/12/2019,5443
7180000,36,94,Garaje,50012,3,3,Si,2/07/2019,1600
7180000,28,35,Garaje,50040,1,1,No,3/07/2019,72000
7180000,27,38,Garaje,50024,4,3,No,5/02/2020,3993
456000,38,62,Garaje,50037,1,3,No,10/07/2019,5000
557000,36,163,Garaje,50020,5,2,Si,11/07/2019,20000
240000,28,58,Local Comercial,50027,4,2,No,15/10/2019,10000
1190000,6,64,Casa,50007,4,1,No,24/09/2019,25000
2870000,39,56,OFICINA,50022,3,3,No,15/07/2019,36000
7680000,38,163,Local Comercial,50044,1,1,Si,22/07/2019,4080
820000,34,140,Oficina,50031,5,3,Si,24/01/2020,4600
,,,,,,,,,
,,,,,,,,,
,,,,,,,,,
,,,,,,,,,
,,,,,,,,,
,,,,,,,,,
,,,,,,,,,
,,,,,,,,,
,,,,,,,,,
,,,,,,,,,
,,,,,,,,,
,,,,,,,,,
,,,,,,,,,
,,,,,,,,,
,,,,,,,,,
,,,,,,,,,
,,,,,,,,,
,,,,,,,,,
,,,,,,,,,
,,,,,,,,,
,,,,,,,,,
,,,,,,,,,
,,,,,,,,,
,,,,,,,,,
,,,,,,,,,
,,,,,,,,,
,,,,,,,,,
,,,,,,,,,
,,,,,,,,,
,,,,,,,,,
,,,,,,,,,
,,,,,,,,,
,,,,,,,,,
,,,,,,,,,
,,,,,,,,,
,,,,,,,,,
,,,,,,,,,
,,,,,,,,,
,,,,,,,,,
,,,,,,,,,
,,,,,,,,,
,,,,,,,,,
,,,,,,,,,
,,,,,,,,,
,,,,,,,,,
,,,,,,,,,
,,,,,,,,,
,,,,,,,,,
,,,,,,,,,
,,,,,,,,,
,,,,,,,,,
,,,,,,,,,
,,,,,,,,,
,,,,,,,,,
,,,,,,,,,
,,,,,,,,,
,,,,,,,,,
,,,,,,,,,
,,,,,,,,,
,,,,,,,,,
,,,,,,,,,
,,,,,,,,,
,,,,,,,,,
,,,,,,,,,
,,,,,,,,,
,,,,,,,,,
,,,,,,,,,
,,,,,,,,,
,,,,,,,,,
,,,,,,,,,
,,,,,,,,,
,,,,,,,,,
,,,,,,,,,
,,,,,,,,,
,,,,,,,,,
,,,,,,,,,
,,,,,,,,,
,,,,,,,,,
,,,,,,,,,
,,,,,,,,,
,,,,,,,,,
,,,,,,,,,
,,,,,,,,,
,,,,,,,,,
,,,,,,,,,
,,,,,,,,,
,,,,,,,,,
,,,,,,,,,
,,,,,,,,,
,,,,,,,,,
,,,,,,,,,
,,,,,,,,,
,,,,,,,,,
,,,,,,,,,
,,,,,,,,,
,,,,,,,,,
,,,,,,,,,
,,,,,,,,,
,,,,,,,,,
,,,,,,,,,
,,,,,,,,,
,,,,,,,,,
,,,,,,,,,
,,,,,,,,,
,,,,,,,,,
,,,,,,,,,
,,,,,,,,,
,,,,,,,,,
,,,,,,,,,
,,,,,,,,,
,,,,,,,,,
,,,,,,,,,
,,,,,,,,,
,,,,,,,,,
,,,,,,,,,
,,,,,,,,,
,,,,,,,,,
,,,,,,,,,
,,,,,,,,,
,,,,,,,,,
,,,,,,,,,
,,,,,,,,,
,,,,,,,,,
,,,,,,,,,
,,,,,,,,,
